case_id,block,family,tier,truth,best_initial_founder.prediction,best_initial_founder.exact,best_initial_founder.term_accuracy,best_initial_founder.term_correct,best_initial_founder.format_compliant,best_initial_founder.proposal_plurality,best_initial_founder.proposal_plurality_exact,best_initial_founder.override,best_initial_founder.harmful_override,best_initial_founder.useful_override,best_initial_founder.terminal_job_id,best_initial_founder.completed_proposals,best_initial_founder.valid_proposals,best_initial_founder.calls,best_initial_founder.input_tokens,best_initial_founder.output_tokens,best_initial_founder.cost_usd,best_initial_founder.latency_ms,diversified_vote10.prediction,diversified_vote10.exact,diversified_vote10.term_accuracy,diversified_vote10.term_correct,diversified_vote10.format_compliant,diversified_vote10.proposal_plurality,diversified_vote10.proposal_plurality_exact,diversified_vote10.override,diversified_vote10.harmful_override,diversified_vote10.useful_override,diversified_vote10.terminal_job_id,diversified_vote10.completed_proposals,diversified_vote10.valid_proposals,diversified_vote10.calls,diversified_vote10.input_tokens,diversified_vote10.output_tokens,diversified_vote10.cost_usd,diversified_vote10.latency_ms,evolved_champion.prediction,evolved_champion.exact,evolved_champion.term_accuracy,evolved_champion.term_correct,evolved_champion.format_compliant,evolved_champion.proposal_plurality,evolved_champion.proposal_plurality_exact,evolved_champion.override,evolved_champion.harmful_override,evolved_champion.useful_override,evolved_champion.terminal_job_id,evolved_champion.completed_proposals,evolved_champion.valid_proposals,evolved_champion.calls,evolved_champion.input_tokens,evolved_champion.output_tokens,evolved_champion.cost_usd,evolved_champion.latency_ms,generalist_vote10.prediction,generalist_vote10.exact,generalist_vote10.term_accuracy,generalist_vote10.term_correct,generalist_vote10.format_compliant,generalist_vote10.proposal_plurality,generalist_vote10.proposal_plurality_exact,generalist_vote10.override,generalist_vote10.harmful_override,generalist_vote10.useful_override,generalist_vote10.terminal_job_id,generalist_vote10.completed_proposals,generalist_vote10.valid_proposals,generalist_vote10.calls,generalist_vote10.input_tokens,generalist_vote10.output_tokens,generalist_vote10.cost_usd,generalist_vote10.latency_ms
F001,final-b01,POLY,hard,"[""1211"",""1535"",""1912"",""2346"",""2841""]","[""1211"",""1535"",""1912"",""2346"",""2841""]",1,1.0,5,1,"[""1211"",""1535"",""1912"",""2346"",""2841""]",1,0,0,0,final-best_initial_founder-G-0025CFC9EF2E-final-b01-F001-aggregate,10,10,10,120160.0,33414.0,0.0,656871.0,"[""1211"",""1535"",""1912"",""2346"",""2841""]",1,1.0,5,1,"[""1211"",""1535"",""1912"",""2346"",""2841""]",1,0,0,0,final-diversified_vote10-DIVERSIFIED-VOTE10-final-b01-F001-aggregate,10,10,10,120088.0,31096.0,0.0,644102.0,"[""1211"",""1535"",""1912"",""2346"",""2841""]",1,1.0,5,1,"[""1211"",""1535"",""1912"",""2346"",""2841""]",1,0,0,0,final-evolved_champion-G-A20DBD76963B-final-b01-F001-aggregate,7,7,10,136199.0,26714.0,0.0,545964.0,"[""1211"",""1535"",""1912"",""2346"",""2841""]",1,1.0,5,1,"[""1211"",""1535"",""1912"",""2346"",""2841""]",1,0,0,0,final-generalist_vote10-GENERALIST-VOTE10-final-b01-F001-aggregate,10,10,10,120040.0,31180.0,0.0,619931.0
F002,final-b01,LIN2,very-hard,"[""-182"",""-186"",""-195"",""-197"",""-204""]","[""-176"",""-180"",""-189"",""-191"",""-198""]",0,0.0,0,1,"[""-176"",""-180"",""-189"",""-191"",""-198""]",0,0,0,0,final-best_initial_founder-G-0025CFC9EF2E-final-b01-F002-aggregate,10,10,10,120160.0,33414.0,0.0,656871.0,"[""-176"",""-180"",""-189"",""-191"",""-198""]",0,0.0,0,1,"[""-176"",""-180"",""-189"",""-191"",""-198""]",0,0,0,0,final-diversified_vote10-DIVERSIFIED-VOTE10-final-b01-F002-aggregate,10,10,10,120088.0,31096.0,0.0,644102.0,"[""-176"",""-180"",""-189"",""-191"",""-198""]",0,0.0,0,1,"[""-176"",""-180"",""-189"",""-191"",""-198""]",0,0,0,0,final-evolved_champion-G-A20DBD76963B-final-b01-F002-aggregate,7,7,10,136199.0,26714.0,0.0,545964.0,"[""-176"",""-180"",""-189"",""-191"",""-198""]",0,0.0,0,1,"[""-176"",""-180"",""-189"",""-191"",""-198""]",0,0,0,0,final-generalist_vote10-GENERALIST-VOTE10-final-b01-F002-aggregate,10,10,10,120040.0,31180.0,0.0,619931.0
F003,final-b01,AFFINE,very-hard,"[""-853138"",""-2559412"",""5118830"",""15356492"",""-30712978""]","[""-853138"",""-2559412"",""5118830"",""15356492"",""-30712978""]",1,1.0,5,1,"[""-853138"",""-2559412"",""5118830"",""15356492"",""-30712978""]",1,0,0,0,final-best_initial_founder-G-0025CFC9EF2E-final-b01-F003-aggregate,10,10,10,120160.0,33414.0,0.0,656871.0,"[""-853138"",""-2559412"",""5118830"",""15356492"",""-30712978""]",1,1.0,5,1,"[""-853138"",""-2559412"",""5118830"",""15356492"",""-30712978""]",1,0,0,0,final-diversified_vote10-DIVERSIFIED-VOTE10-final-b01-F003-aggregate,10,10,10,120088.0,31096.0,0.0,644102.0,"[""-853138"",""-2559412"",""5118830"",""15356492"",""-30712978""]",1,1.0,5,1,"[""-853138"",""-2559412"",""5118830"",""15356492"",""-30712978""]",1,0,0,0,final-evolved_champion-G-A20DBD76963B-final-b01-F003-aggregate,7,7,10,136199.0,26714.0,0.0,545964.0,"[""-853138"",""-2559412"",""5118830"",""15356492"",""-30712978""]",1,1.0,5,1,"[""-853138"",""-2559412"",""5118830"",""15356492"",""-30712978""]",1,0,0,0,final-generalist_vote10-GENERALIST-VOTE10-final-b01-F003-aggregate,10,10,10,120040.0,31180.0,0.0,619931.0
F004,final-b01,AFFINE,stress,"[""-8254430"",""-24763286"",""49526574"",""148579714"",""445739146""]","[""-8254430"",""-24763286"",""49526574"",""148579714"",""445739146""]",1,1.0,5,1,"[""-8254430"",""-24763286"",""49526574"",""148579714"",""445739146""]",1,0,0,0,final-best_initial_founder-G-0025CFC9EF2E-final-b01-F004-aggregate,10,10,10,120160.0,33414.0,0.0,656871.0,"[""-8254430"",""-24763286"",""49526574"",""148579714"",""445739146""]",1,1.0,5,1,"[""-8254430"",""-24763286"",""49526574"",""148579714"",""445739146""]",1,0,0,0,final-diversified_vote10-DIVERSIFIED-VOTE10-final-b01-F004-aggregate,10,10,10,120088.0,31096.0,0.0,644102.0,"[""-8254430"",""-24763286"",""49526574"",""148579714"",""445739146""]",1,1.0,5,1,"[""-8254430"",""-24763286"",""49526574"",""148579714"",""445739146""]",1,0,0,0,final-evolved_champion-G-A20DBD76963B-final-b01-F004-aggregate,7,7,10,136199.0,26714.0,0.0,545964.0,"[""-8254422"",""-24763262"",""49526526"",""148579570"",""445738714""]",0,0.0,0,1,"[""-8254422"",""-24763262"",""49526526"",""148579570"",""445738714""]",0,0,0,0,final-generalist_vote10-GENERALIST-VOTE10-final-b01-F004-aggregate,10,10,10,120040.0,31180.0,0.0,619931.0
F005,final-b01,PDELTA,very-hard,"[""-19"",""-40"",""-47"",""-18"",""-44""]","[""-19"",""-40"",""-47"",""-18"",""-44""]",1,1.0,5,1,"[""-19"",""-40"",""-47"",""-18"",""-44""]",1,0,0,0,final-best_initial_founder-G-0025CFC9EF2E-final-b01-F005-aggregate,10,10,10,120160.0,33414.0,0.0,656871.0,"[""-19"",""-40"",""-47"",""-18"",""-44""]",1,1.0,5,1,"[""-19"",""-40"",""-47"",""-18"",""-44""]",1,0,0,0,final-diversified_vote10-DIVERSIFIED-VOTE10-final-b01-F005-aggregate,10,10,10,120088.0,31096.0,0.0,644102.0,"[""-19"",""-40"",""-47"",""-18"",""-44""]",1,1.0,5,1,"[""-19"",""-40"",""-47"",""-18"",""-54""]",0,1,0,1,final-evolved_champion-G-A20DBD76963B-final-b01-F005-aggregate,7,7,10,136199.0,26714.0,0.0,545964.0,"[""-19"",""-40"",""-47"",""-18"",""-44""]",1,1.0,5,1,"[""-19"",""-40"",""-47"",""-18"",""-44""]",1,0,0,0,final-generalist_vote10-GENERALIST-VOTE10-final-b01-F005-aggregate,10,10,10,120040.0,31180.0,0.0,619931.0
F006,final-b01,PDELTA,hard,"[""-16"",""-19"",""-17"",""-20"",""-18""]","[""-16"",""-19"",""-17"",""-20"",""-18""]",1,1.0,5,1,"[""-16"",""-19"",""-17"",""-20"",""-18""]",1,0,0,0,final-best_initial_founder-G-0025CFC9EF2E-final-b01-F006-aggregate,10,10,10,120160.0,33414.0,0.0,656871.0,"[""-16"",""-19"",""-17"",""-20"",""-18""]",1,1.0,5,1,"[""-16"",""-19"",""-17"",""-20"",""-18""]",1,0,0,0,final-diversified_vote10-DIVERSIFIED-VOTE10-final-b01-F006-aggregate,10,10,10,120088.0,31096.0,0.0,644102.0,"[""-16"",""-19"",""-17"",""-20"",""-18""]",1,1.0,5,1,"[""-16"",""-19"",""-17"",""-20"",""-18""]",1,0,0,0,final-evolved_champion-G-A20DBD76963B-final-b01-F006-aggregate,7,7,10,136199.0,26714.0,0.0,545964.0,"[""-16"",""-19"",""-17"",""-20"",""-18""]",1,1.0,5,1,"[""-16"",""-19"",""-17"",""-20"",""-18""]",1,0,0,0,final-generalist_vote10-GENERALIST-VOTE10-final-b01-F006-aggregate,10,10,10,120040.0,31180.0,0.0,619931.0
F007,final-b01,PDELTA,stress,"[""26"",""4"",""23"",""-7"",""13""]","[""-12"",""4"",""-18"",""1"",""-29""]",0,0.2,1,1,"[""-12"",""4"",""-18"",""1"",""-29""]",0,0,0,0,final-best_initial_founder-G-0025CFC9EF2E-final-b01-F007-aggregate,10,10,10,120160.0,33414.0,0.0,656871.0,"[""18"",""34"",""6"",""34"",""2""]",0,0.0,0,1,"[""18"",""34"",""6"",""34"",""2""]",0,0,0,0,final-diversified_vote10-DIVERSIFIED-VOTE10-final-b01-F007-aggregate,10,10,10,120088.0,31096.0,0.0,644102.0,"[""30"",""2"",""31"",""-2"",""24""]",0,0.0,0,1,"[""30"",""2"",""31"",""-2"",""24""]",0,0,0,0,final-evolved_champion-G-A20DBD76963B-final-b01-F007-aggregate,7,7,10,136199.0,26714.0,0.0,545964.0,"[""-12"",""4"",""-18"",""1"",""-29""]",0,0.2,1,1,"[""-12"",""4"",""-18"",""1"",""-29""]",0,0,0,0,final-generalist_vote10-GENERALIST-VOTE10-final-b01-F007-aggregate,10,10,10,120040.0,31180.0,0.0,619931.0
F008,final-b01,POLY,stress,"[""-25566"",""-37381"",""-53185"",""-73908"",""-100614""]","[""-25566"",""-37381"",""-53185"",""-73908"",""-100614""]",1,1.0,5,1,"[""-25566"",""-37381"",""-53185"",""-73908"",""-100614""]",1,0,0,0,final-best_initial_founder-G-0025CFC9EF2E-final-b01-F008-aggregate,10,10,10,120160.0,33414.0,0.0,656871.0,"[""-25521"",""-37156"",""-52510"",""-72333"",""-97464""]",0,0.0,0,1,"[""-25521"",""-37156"",""-52510"",""-72333"",""-97464""]",0,0,0,0,final-diversified_vote10-DIVERSIFIED-VOTE10-final-b01-F008-aggregate,10,10,10,120088.0,31096.0,0.0,644102.0,"[""-25566"",""-37381"",""-53185"",""-73908"",""-100614""]",1,1.0,5,1,"[""-25566"",""-37381"",""-53185"",""-73908"",""-100614""]",1,0,0,0,final-evolved_champion-G-A20DBD76963B-final-b01-F008-aggregate,7,7,10,136199.0,26714.0,0.0,545964.0,"[""-25557"",""-37336"",""-53050"",""-73593"",""-99984""]",0,0.0,0,1,"[""-25557"",""-37336"",""-53050"",""-73593"",""-99984""]",0,0,0,0,final-generalist_vote10-GENERALIST-VOTE10-final-b01-F008-aggregate,10,10,10,120040.0,31180.0,0.0,619931.0
F009,final-b01,POLY,very-hard,"[""775"",""1205"",""1773"",""2504"",""3425""]","[""775"",""1207"",""1781"",""2524"",""3465""]",0,0.2,1,1,"[""775"",""1207"",""1781"",""2524"",""3465""]",0,0,0,0,final-best_initial_founder-G-0025CFC9EF2E-final-b01-F009-aggregate,10,10,10,120160.0,33414.0,0.0,656871.0,"[""775"",""1205"",""1773"",""2504"",""3425""]",1,1.0,5,1,"[""775"",""1205"",""1773"",""2504"",""3425""]",1,0,0,0,final-diversified_vote10-DIVERSIFIED-VOTE10-final-b01-F009-aggregate,10,10,10,120088.0,31096.0,0.0,644102.0,"[""775"",""1205"",""1773"",""2504"",""3425""]",1,1.0,5,1,"[""775"",""1205"",""1773"",""2504"",""3425""]",1,0,0,0,final-evolved_champion-G-A20DBD76963B-final-b01-F009-aggregate,7,7,10,136199.0,26714.0,0.0,545964.0,"[""775"",""1205"",""1773"",""2504"",""3425""]",1,1.0,5,1,"[""775"",""1205"",""1773"",""2504"",""3425""]",1,0,0,0,final-generalist_vote10-GENERALIST-VOTE10-final-b01-F009-aggregate,10,10,10,120040.0,31180.0,0.0,619931.0
F010,final-b01,LIN2,hard,"[""-515"",""573"",""2173"",""3197"",""2045""]","[""-1059"",""-771"",""-1859"",""-259"",""-1411""]",0,0.0,0,1,"[""-1059"",""-771"",""-1859"",""-259"",""-1411""]",0,0,0,0,final-best_initial_founder-G-0025CFC9EF2E-final-b01-F010-aggregate,10,10,10,120160.0,33414.0,0.0,656871.0,"[""-515"",""573"",""2173"",""3197"",""2045""]",1,1.0,5,1,"[""-515"",""573"",""2173"",""3197"",""2045""]",1,0,0,0,final-diversified_vote10-DIVERSIFIED-VOTE10-final-b01-F010-aggregate,10,10,10,120088.0,31096.0,0.0,644102.0,"[""-515"",""573"",""2173"",""3197"",""2045""]",1,1.0,5,1,"[""-515"",""573"",""2173"",""3197"",""2045""]",1,0,0,0,final-evolved_champion-G-A20DBD76963B-final-b01-F010-aggregate,7,7,10,136199.0,26714.0,0.0,545964.0,"[""-515"",""573"",""2173"",""3197"",""2045""]",1,1.0,5,1,"[""-515"",""573"",""2173"",""3197"",""2045""]",1,0,0,0,final-generalist_vote10-GENERALIST-VOTE10-final-b01-F010-aggregate,10,10,10,120040.0,31180.0,0.0,619931.0
F011,final-b01,AFFINE,hard,"[""-30037"",""60075"",""-120149"",""240299"",""-480597""]","[""-30037"",""60075"",""-120149"",""240299"",""-480597""]",1,1.0,5,1,"[""-30037"",""60075"",""-120149"",""240299"",""-480597""]",1,0,0,0,final-best_initial_founder-G-0025CFC9EF2E-final-b01-F011-aggregate,10,10,10,120160.0,33414.0,0.0,656871.0,"[""-30037"",""60075"",""-120149"",""240299"",""-480597""]",1,1.0,5,1,"[""-30037"",""60075"",""-120149"",""240299"",""-480597""]",1,0,0,0,final-diversified_vote10-DIVERSIFIED-VOTE10-final-b01-F011-aggregate,10,10,10,120088.0,31096.0,0.0,644102.0,"[""-30037"",""60075"",""-120149"",""240299"",""-480597""]",1,1.0,5,1,"[""-30037"",""60075"",""-120149"",""240299"",""-480597""]",1,0,0,0,final-evolved_champion-G-A20DBD76963B-final-b01-F011-aggregate,7,7,10,136199.0,26714.0,0.0,545964.0,"[""-30037"",""60075"",""-120149"",""240299"",""-480597""]",1,1.0,5,1,"[""-30037"",""60075"",""-120149"",""240299"",""-480597""]",1,0,0,0,final-generalist_vote10-GENERALIST-VOTE10-final-b01-F011-aggregate,10,10,10,120040.0,31180.0,0.0,619931.0
F012,final-b01,LIN2,stress,"[""1881"",""4206"",""436"",""-7985"",""-8864""]","[""-2283"",""-1220"",""2284"",""8852"",""24979""]",0,0.0,0,1,"[""-2283"",""-1220"",""2284"",""8852"",""24979""]",0,0,0,0,final-best_initial_founder-G-0025CFC9EF2E-final-b01-F012-aggregate,10,10,10,120160.0,33414.0,0.0,656871.0,"[""-4070"",""-2090"",""-49"",""-13182"",""-3550""]",0,0.0,0,1,"[""-4070"",""-2090"",""-49"",""-13182"",""-3550""]",0,0,0,0,final-diversified_vote10-DIVERSIFIED-VOTE10-final-b01-F012-aggregate,10,10,10,120088.0,31096.0,0.0,644102.0,"[""-2590"",""-3630"",""-123"",""-5048"",""-2214""]",0,0.0,0,1,"[""-2590"",""-3630"",""-123"",""-5048"",""-2214""]",0,0,0,0,final-evolved_champion-G-A20DBD76963B-final-b01-F012-aggregate,7,7,10,136199.0,26714.0,0.0,545964.0,"[""4700"",""453"",""2119"",""13596"",""2319""]",0,0.0,0,1,"[""4700"",""453"",""2119"",""13596"",""2319""]",0,0,0,0,final-generalist_vote10-GENERALIST-VOTE10-final-b01-F012-aggregate,10,10,10,120040.0,31180.0,0.0,619931.0
F013,final-b02,INTERLEAVE,very-hard,"[""1"",""-31"",""-7"",""-2"",""-46""]","[""-7"",""25"",""-9"",""28"",""-11""]",0,0.0,0,1,"[""-7"",""25"",""-9"",""28"",""-11""]",0,0,0,0,final-best_initial_founder-G-0025CFC9EF2E-final-b02-F013-aggregate,10,10,10,119300.0,26477.0,0.0,596437.0,"[""-35"",""24"",""-46"",""10"",""-30""]",0,0.0,0,1,"[""-35"",""24"",""-46"",""10"",""-30""]",0,0,0,0,final-diversified_vote10-DIVERSIFIED-VOTE10-final-b02-F013-aggregate,10,10,10,119228.0,26562.0,0.0,550171.0,"[""-7"",""-23"",""-10"",""-26"",""-13""]",0,0.0,0,1,"[""-7"",""25"",""-9"",""28"",""-11""]",0,1,0,0,final-evolved_champion-G-A20DBD76963B-final-b02-F013-aggregate,7,7,10,135071.0,23554.0,0.0,516579.0,"[""-3"",""-31"",""-7"",""-10"",""-46""]",0,0.6,3,1,"[""-3"",""-31"",""-7"",""-10"",""-46""]",0,0,0,0,final-generalist_vote10-GENERALIST-VOTE10-final-b02-F013-aggregate,10,10,10,119180.0,25818.0,0.0,546164.0
F014,final-b02,MODAFFINE,very-hard,"[""19"",""56"",""20"",""4"",""10""]","[""79"",""25"",""-20"",""78"",""-3""]",0,0.0,0,1,"[""79"",""25"",""-20"",""78"",""-3""]",0,0,0,0,final-best_initial_founder-G-0025CFC9EF2E-final-b02-F014-aggregate,10,10,10,119300.0,26477.0,0.0,596437.0,"[""16"",""6"",""55"",""-16"",""47""]",0,0.0,0,1,"[""16"",""6"",""55"",""-16"",""47""]",0,0,0,0,final-diversified_vote10-DIVERSIFIED-VOTE10-final-b02-F014-aggregate,10,10,10,119228.0,26562.0,0.0,550171.0,"[""42"",""34"",""56"",""29"",""73""]",0,0.0,0,1,"[""42"",""34"",""56"",""29"",""73""]",0,0,0,0,final-evolved_champion-G-A20DBD76963B-final-b02-F014-aggregate,7,7,10,135071.0,23554.0,0.0,516579.0,"[""21"",""-19"",""-31"",""78"",""-46""]",0,0.0,0,1,"[""21"",""-19"",""-31"",""78"",""-46""]",0,0,0,0,final-generalist_vote10-GENERALIST-VOTE10-final-b02-F014-aggregate,10,10,10,119180.0,25818.0,0.0,546164.0
F015,final-b02,MODAFFINE,hard,"[""11"",""13"",""0"",""4"",""1""]","[""-1"",""-2"",""8"",""-2"",""-12""]",0,0.0,0,1,"[""-1"",""-2"",""8"",""-2"",""-12""]",0,0,0,0,final-best_initial_founder-G-0025CFC9EF2E-final-b02-F015-aggregate,10,10,10,119300.0,26477.0,0.0,596437.0,"[""-3"",""6"",""-1"",""-10"",""-7""]",0,0.0,0,1,"[""-3"",""6"",""-1"",""-10"",""-7""]",0,0,0,0,final-diversified_vote10-DIVERSIFIED-VOTE10-final-b02-F015-aggregate,10,10,10,119228.0,26562.0,0.0,550171.0,"[""11"",""-4"",""10"",""-7"",""15""]",0,0.2,1,1,"[""11"",""-4"",""10"",""-7"",""15""]",0,0,0,0,final-evolved_champion-G-A20DBD76963B-final-b02-F015-aggregate,7,7,10,135071.0,23554.0,0.0,516579.0,"[""25"",""-23"",""28"",""-37"",""31""]",0,0.0,0,1,"[""25"",""-23"",""28"",""-37"",""31""]",0,0,0,0,final-generalist_vote10-GENERALIST-VOTE10-final-b02-F015-aggregate,10,10,10,119180.0,25818.0,0.0,546164.0
F016,final-b02,GROWBLOCK,stress,"[""64"",""34"",""4"",""-26"",""-56""]","[""63"",""33"",""3"",""-27"",""-57""]",0,0.0,0,1,"[""63"",""33"",""3"",""-27"",""-57""]",0,0,0,0,final-best_initial_founder-G-0025CFC9EF2E-final-b02-F016-aggregate,10,10,10,119300.0,26477.0,0.0,596437.0,"[""63"",""33"",""3"",""-27"",""-57""]",0,0.0,0,1,"[""63"",""33"",""3"",""-27"",""-57""]",0,0,0,0,final-diversified_vote10-DIVERSIFIED-VOTE10-final-b02-F016-aggregate,10,10,10,119228.0,26562.0,0.0,550171.0,"[""63"",""33"",""3"",""-27"",""-57""]",0,0.0,0,1,"[""-81"",""-111"",""-141"",""-171"",""-201""]",0,1,0,0,final-evolved_champion-G-A20DBD76963B-final-b02-F016-aggregate,7,7,10,135071.0,23554.0,0.0,516579.0,"[""61"",""31"",""1"",""-29"",""-59""]",0,0.0,0,1,"[""61"",""31"",""1"",""-29"",""-59""]",0,0,0,0,final-generalist_vote10-GENERALIST-VOTE10-final-b02-F016-aggregate,10,10,10,119180.0,25818.0,0.0,546164.0
F017,final-b02,MODAFFINE,stress,"[""4"",""46"",""85"",""63"",""9""]","[""169"",""67"",""-35"",""-8"",""-15""]",0,0.0,0,1,"[""169"",""67"",""-35"",""-8"",""-15""]",0,0,0,0,final-best_initial_founder-G-0025CFC9EF2E-final-b02-F017-aggregate,10,10,10,119300.0,26477.0,0.0,596437.0,"[""83"",""95"",""107"",""119"",""131""]",0,0.0,0,1,"[""83"",""95"",""107"",""119"",""131""]",0,0,0,0,final-diversified_vote10-DIVERSIFIED-VOTE10-final-b02-F017-aggregate,10,10,10,119228.0,26562.0,0.0,550171.0,"[""87"",""31"",""-12"",""22"",""55""]",0,0.0,0,1,"[""87"",""31"",""-12"",""22"",""55""]",0,0,0,0,final-evolved_champion-G-A20DBD76963B-final-b02-F017-aggregate,7,7,10,135071.0,23554.0,0.0,516579.0,"[""96"",""108"",""125"",""145"",""170""]",0,0.0,0,1,"[""96"",""108"",""125"",""145"",""170""]",0,0,0,0,final-generalist_vote10-GENERALIST-VOTE10-final-b02-F017-aggregate,10,10,10,119180.0,25818.0,0.0,546164.0
F018,final-b02,LAGPOLY,hard,"[""-7"",""25"",""-9"",""28"",""-11""]","[""-7"",""25"",""-9"",""28"",""-11""]",1,1.0,5,1,"[""-7"",""25"",""-9"",""28"",""-11""]",1,0,0,0,final-best_initial_founder-G-0025CFC9EF2E-final-b02-F018-aggregate,10,10,10,119300.0,26477.0,0.0,596437.0,"[""-7"",""25"",""-9"",""28"",""-11""]",1,1.0,5,1,"[""-7"",""25"",""-9"",""28"",""-11""]",1,0,0,0,final-diversified_vote10-DIVERSIFIED-VOTE10-final-b02-F018-aggregate,10,10,10,119228.0,26562.0,0.0,550171.0,"[""-7"",""25"",""-9"",""28"",""-11""]",1,1.0,5,1,"[""-7"",""25"",""-9"",""28"",""-11""]",1,0,0,0,final-evolved_champion-G-A20DBD76963B-final-b02-F018-aggregate,7,7,10,135071.0,23554.0,0.0,516579.0,"[""-7"",""25"",""-9"",""28"",""-11""]",1,1.0,5,1,"[""-7"",""25"",""-9"",""28"",""-11""]",1,0,0,0,final-generalist_vote10-GENERALIST-VOTE10-final-b02-F018-aggregate,10,10,10,119180.0,25818.0,0.0,546164.0
F019,final-b02,INTERLEAVE,hard,"[""71"",""-12"",""97"",""15"",""127""]","[""71"",""-12"",""97"",""15"",""127""]",1,1.0,5,1,"[""71"",""-12"",""97"",""15"",""127""]",1,0,0,0,final-best_initial_founder-G-0025CFC9EF2E-final-b02-F019-aggregate,10,10,10,119300.0,26477.0,0.0,596437.0,"[""71"",""-12"",""97"",""15"",""127""]",1,1.0,5,1,"[""71"",""-12"",""97"",""15"",""127""]",1,0,0,0,final-diversified_vote10-DIVERSIFIED-VOTE10-final-b02-F019-aggregate,10,10,10,119228.0,26562.0,0.0,550171.0,"[""71"",""-12"",""97"",""15"",""127""]",1,1.0,5,1,"[""71"",""-12"",""97"",""15"",""127""]",1,0,0,0,final-evolved_champion-G-A20DBD76963B-final-b02-F019-aggregate,7,7,10,135071.0,23554.0,0.0,516579.0,"[""71"",""-12"",""97"",""15"",""127""]",1,1.0,5,1,"[""71"",""-12"",""97"",""15"",""127""]",1,0,0,0,final-generalist_vote10-GENERALIST-VOTE10-final-b02-F019-aggregate,10,10,10,119180.0,25818.0,0.0,546164.0
F020,final-b02,LAGPOLY,stress,"[""-21"",""147"",""-128"",""-29"",""246""]","[""-24"",""-125"",""176"",""-232"",""-48""]",0,0.0,0,1,"[""-24"",""-125"",""176"",""-232"",""-48""]",0,0,0,0,final-best_initial_founder-G-0025CFC9EF2E-final-b02-F020-aggregate,10,10,10,119300.0,26477.0,0.0,596437.0,"[""-10"",""-115"",""-20"",""157"",""-30""]",0,0.0,0,1,"[""-10"",""-115"",""-20"",""157"",""-30""]",0,0,0,0,final-diversified_vote10-DIVERSIFIED-VOTE10-final-b02-F020-aggregate,10,10,10,119228.0,26562.0,0.0,550171.0,"[""154"",""-126"",""-240"",""238"",""358""]",0,0.0,0,1,"[""154"",""-126"",""-240"",""238"",""358""]",0,0,0,0,final-evolved_champion-G-A20DBD76963B-final-b02-F020-aggregate,7,7,10,135071.0,23554.0,0.0,516579.0,"[""-4"",""-126"",""176"",""-194"",""398""]",0,0.0,0,1,"[""-4"",""-126"",""176"",""-194"",""398""]",0,0,0,0,final-generalist_vote10-GENERALIST-VOTE10-final-b02-F020-aggregate,10,10,10,119180.0,25818.0,0.0,546164.0
F021,final-b02,LAGPOLY,very-hard,"[""-7"",""29"",""34"",""-17"",""38""]","[""34"",""-5"",""29"",""53"",""-11""]",0,0.0,0,1,"[""34"",""-5"",""29"",""53"",""-11""]",0,0,0,0,final-best_initial_founder-G-0025CFC9EF2E-final-b02-F021-aggregate,10,10,10,119300.0,26477.0,0.0,596437.0,"[""34"",""-7"",""29"",""34"",""-7""]",0,0.0,0,1,"[""34"",""-7"",""29"",""34"",""-7""]",0,0,0,0,final-diversified_vote10-DIVERSIFIED-VOTE10-final-b02-F021-aggregate,10,10,10,119228.0,26562.0,0.0,550171.0,"[""34"",""-6"",""29"",""48"",""-7""]",0,0.0,0,1,"[""34"",""-6"",""29"",""48"",""-7""]",0,0,0,0,final-evolved_champion-G-A20DBD76963B-final-b02-F021-aggregate,7,7,10,135071.0,23554.0,0.0,516579.0,"[""-5"",""29"",""34"",""-13"",""38""]",0,0.6,3,1,"[""-5"",""29"",""34"",""-13"",""38""]",0,0,0,0,final-generalist_vote10-GENERALIST-VOTE10-final-b02-F021-aggregate,10,10,10,119180.0,25818.0,0.0,546164.0
F022,final-b02,INTERLEAVE,stress,"[""-406"",""-26"",""-89"",""810"",""-20""]","[""-26"",""-89"",""-406"",""-20"",""-132""]",0,0.0,0,1,"[""-26"",""-89"",""-406"",""-20"",""-132""]",0,0,0,0,final-best_initial_founder-G-0025CFC9EF2E-final-b02-F022-aggregate,10,10,10,119300.0,26477.0,0.0,596437.0,"[""-89"",""-406"",""-26"",""-124"",""-1014""]",0,0.0,0,1,"[""-89"",""-406"",""-26"",""-124"",""-1014""]",0,0,0,0,final-diversified_vote10-DIVERSIFIED-VOTE10-final-b02-F022-aggregate,10,10,10,119228.0,26562.0,0.0,550171.0,"[""-26"",""-89"",""-402"",""-20"",""-132""]",0,0.0,0,1,"[""-26"",""-89"",""-402"",""-20"",""-132""]",0,0,0,0,final-evolved_champion-G-A20DBD76963B-final-b02-F022-aggregate,7,7,10,135071.0,23554.0,0.0,516579.0,"[""-30"",""458"",""-38"",""-510"",""-46""]",0,0.0,0,1,"[""-30"",""458"",""-38"",""-510"",""-46""]",0,0,0,0,final-generalist_vote10-GENERALIST-VOTE10-final-b02-F022-aggregate,10,10,10,119180.0,25818.0,0.0,546164.0
F023,final-b02,GROWBLOCK,hard,"[""36"",""41"",""26"",""31"",""36""]","[""36"",""41"",""26"",""31"",""36""]",1,1.0,5,1,"[""36"",""41"",""26"",""31"",""36""]",1,0,0,0,final-best_initial_founder-G-0025CFC9EF2E-final-b02-F023-aggregate,10,10,10,119300.0,26477.0,0.0,596437.0,"[""26"",""31"",""36"",""41"",""46""]",0,0.0,0,1,"[""26"",""31"",""36"",""41"",""46""]",0,0,0,0,final-diversified_vote10-DIVERSIFIED-VOTE10-final-b02-F023-aggregate,10,10,10,119228.0,26562.0,0.0,550171.0,"[""36"",""41"",""46"",""51"",""56""]",0,0.4,2,1,"[""36"",""41"",""46"",""51"",""56""]",0,0,0,0,final-evolved_champion-G-A20DBD76963B-final-b02-F023-aggregate,7,7,10,135071.0,23554.0,0.0,516579.0,"[""26"",""31"",""36"",""41"",""46""]",0,0.0,0,1,"[""26"",""31"",""36"",""41"",""46""]",0,0,0,0,final-generalist_vote10-GENERALIST-VOTE10-final-b02-F023-aggregate,10,10,10,119180.0,25818.0,0.0,546164.0
F024,final-b02,GROWBLOCK,very-hard,"[""89"",""110"",""27"",""54"",""81""]","[""91"",""4"",""23"",""50"",""83""]",0,0.0,0,1,"[""91"",""4"",""23"",""50"",""83""]",0,0,0,0,final-best_initial_founder-G-0025CFC9EF2E-final-b02-F024-aggregate,10,10,10,119300.0,26477.0,0.0,596437.0,"[""89"",""110"",""131"",""152"",""173""]",0,0.4,2,1,"[""89"",""110"",""131"",""152"",""173""]",0,0,0,0,final-diversified_vote10-DIVERSIFIED-VOTE10-final-b02-F024-aggregate,10,10,10,119228.0,26562.0,0.0,550171.0,"[""84"",""107"",""26"",""45"",""120""]",0,0.0,0,1,"[""84"",""107"",""26"",""45"",""120""]",0,0,0,0,final-evolved_champion-G-A20DBD76963B-final-b02-F024-aggregate,7,7,10,135071.0,23554.0,0.0,516579.0,"[""89"",""110"",""131"",""152"",""173""]",0,0.4,2,1,"[""89"",""110"",""131"",""152"",""173""]",0,0,0,0,final-generalist_vote10-GENERALIST-VOTE10-final-b02-F024-aggregate,10,10,10,119180.0,25818.0,0.0,546164.0
F025,final-b03,AFFINE,stress,"[""-1175078"",""1175077"",""3525225"",""10575673"",""-10575674""]","[""-1175078"",""1175077"",""3525225"",""10575673"",""-10575674""]",1,1.0,5,1,"[""-1175078"",""1175077"",""3525225"",""10575673"",""-10575674""]",1,0,0,0,final-best_initial_founder-G-0025CFC9EF2E-final-b03-F025-aggregate,10,10,10,120040.0,36101.0,0.0,730570.0,"[""391691"",""1175067"",""3525199"",""-3525200"",""-10575606""]",0,0.0,0,1,"[""391691"",""1175067"",""3525199"",""-3525200"",""-10575606""]",0,0,0,0,final-diversified_vote10-DIVERSIFIED-VOTE10-final-b03-F025-aggregate,10,10,10,119968.0,33940.0,0.0,699306.0,"[""-1175078"",""1175077"",""3525225"",""10575673"",""-10575674""]",1,1.0,5,1,"[""-1175078"",""1175077"",""3525225"",""10575673"",""-10575674""]",1,0,0,0,final-evolved_champion-G-A20DBD76963B-final-b03-F025-aggregate,7,7,10,136995.0,31630.0,0.0,679992.0,"[""-1175078"",""1175077"",""3525225"",""10575673"",""-10575674""]",1,1.0,5,1,"[""-1175078"",""1175077"",""3525225"",""10575673"",""-10575674""]",1,0,0,0,final-generalist_vote10-GENERALIST-VOTE10-final-b03-F025-aggregate,10,10,10,119920.0,35302.0,0.0,712707.0
F026,final-b03,AFFINE,hard,"[""-797164"",""-2391487"",""-7174456"",""-21523363"",""-64570084""]","[""-797164"",""-2391487"",""-7174456"",""-21523363"",""-64570084""]",1,1.0,5,1,"[""-797164"",""-2391487"",""-7174456"",""-21523363"",""-64570084""]",1,0,0,0,final-best_initial_founder-G-0025CFC9EF2E-final-b03-F026-aggregate,10,10,10,120040.0,36101.0,0.0,730570.0,"[""-797164"",""-2391487"",""-7174456"",""-21523363"",""-64570084""]",1,1.0,5,1,"[""-797164"",""-2391487"",""-7174456"",""-21523363"",""-64570084""]",1,0,0,0,final-diversified_vote10-DIVERSIFIED-VOTE10-final-b03-F026-aggregate,10,10,10,119968.0,33940.0,0.0,699306.0,"[""-797164"",""-2391487"",""-7174456"",""-21523363"",""-64570084""]",1,1.0,5,1,"[""-797164"",""-2391487"",""-7174456"",""-21523363"",""-64570084""]",1,0,0,0,final-evolved_champion-G-A20DBD76963B-final-b03-F026-aggregate,7,7,10,136995.0,31630.0,0.0,679992.0,"[""-797164"",""-2391487"",""-7174456"",""-21523363"",""-64570084""]",1,1.0,5,1,"[""-797164"",""-2391487"",""-7174456"",""-21523363"",""-64570084""]",1,0,0,0,final-generalist_vote10-GENERALIST-VOTE10-final-b03-F026-aggregate,10,10,10,119920.0,35302.0,0.0,712707.0
F027,final-b03,LIN2,stress,"[""24316"",""-48502"",""97136"",""-194132"",""388410""]","[""24316"",""-48502"",""97136"",""-194132"",""388410""]",1,1.0,5,1,"[""24316"",""-48502"",""97136"",""-194132"",""388410""]",1,0,0,0,final-best_initial_founder-G-0025CFC9EF2E-final-b03-F027-aggregate,10,10,10,120040.0,36101.0,0.0,730570.0,"[""-48492"",""-121278"",""-266848"",""-557980"",""-1140238""]",0,0.0,0,1,"[""-48492"",""-121278"",""-266848"",""-557980"",""-1140238""]",0,0,0,0,final-diversified_vote10-DIVERSIFIED-VOTE10-final-b03-F027-aggregate,10,10,10,119968.0,33940.0,0.0,699306.0,"[""24316"",""-48502"",""97136"",""-193132"",""386410""]",0,0.6,3,1,"[""24316"",""-48502"",""97136"",""-193132"",""386410""]",0,0,0,0,final-evolved_champion-G-A20DBD76963B-final-b03-F027-aggregate,7,7,10,136995.0,31630.0,0.0,679992.0,"[""24316"",""-48502"",""97136"",""-194132"",""388410""]",1,1.0,5,1,"[""24316"",""-48502"",""97136"",""-194132"",""388410""]",1,0,0,0,final-generalist_vote10-GENERALIST-VOTE10-final-b03-F027-aggregate,10,10,10,119920.0,35302.0,0.0,712707.0
F028,final-b03,LIN2,very-hard,"[""37323"",""74633"",""149281"",""298547"",""597111""]","[""37323"",""74633"",""149281"",""298547"",""597111""]",1,1.0,5,1,"[""37323"",""74633"",""149281"",""298547"",""597111""]",1,0,0,0,final-best_initial_founder-G-0025CFC9EF2E-final-b03-F028-aggregate,10,10,10,120040.0,36101.0,0.0,730570.0,"[""37323"",""74633"",""149281"",""298547"",""597111""]",1,1.0,5,1,"[""37323"",""74633"",""149281"",""298547"",""597111""]",1,0,0,0,final-diversified_vote10-DIVERSIFIED-VOTE10-final-b03-F028-aggregate,10,10,10,119968.0,33940.0,0.0,699306.0,"[""37323"",""74633"",""149281"",""298547"",""597111""]",1,1.0,5,1,"[""37323"",""74633"",""149281"",""298547"",""597111""]",1,0,0,0,final-evolved_champion-G-A20DBD76963B-final-b03-F028-aggregate,7,7,10,136995.0,31630.0,0.0,679992.0,"[""37323"",""74633"",""149281"",""298547"",""597111""]",1,1.0,5,1,"[""37323"",""74633"",""149281"",""298547"",""597111""]",1,0,0,0,final-generalist_vote10-GENERALIST-VOTE10-final-b03-F028-aggregate,10,10,10,119920.0,35302.0,0.0,712707.0
F029,final-b03,POLY,stress,"[""5402"",""7395"",""9941"",""13152"",""17155""]","[""5402"",""7395"",""9941"",""13152"",""17155""]",1,1.0,5,1,"[""5402"",""7395"",""9941"",""13152"",""17155""]",1,0,0,0,final-best_initial_founder-G-0025CFC9EF2E-final-b03-F029-aggregate,10,10,10,120040.0,36101.0,0.0,730570.0,"[""5402"",""7395"",""9941"",""13152"",""17155""]",1,1.0,5,1,"[""5402"",""7395"",""9941"",""13152"",""17155""]",1,0,0,0,final-diversified_vote10-DIVERSIFIED-VOTE10-final-b03-F029-aggregate,10,10,10,119968.0,33940.0,0.0,699306.0,"[""5402"",""7395"",""9941"",""13152"",""17155""]",1,1.0,5,1,"[""5402"",""7395"",""9941"",""13152"",""17155""]",1,0,0,0,final-evolved_champion-G-A20DBD76963B-final-b03-F029-aggregate,7,7,10,136995.0,31630.0,0.0,679992.0,"[""5402"",""7395"",""9941"",""13152"",""17155""]",1,1.0,5,1,"[""5402"",""7395"",""9941"",""13152"",""17155""]",1,0,0,0,final-generalist_vote10-GENERALIST-VOTE10-final-b03-F029-aggregate,10,10,10,119920.0,35302.0,0.0,712707.0
F030,final-b03,PDELTA,very-hard,"[""-9"",""-35"",""-47"",""-23"",""-56""]","[""-7"",""-35"",""-47"",""-17"",""-52""]",0,0.4,2,1,"[""-7"",""-35"",""-47"",""-17"",""-52""]",0,0,0,0,final-best_initial_founder-G-0025CFC9EF2E-final-b03-F030-aggregate,10,10,10,120040.0,36101.0,0.0,730570.0,"[""-47"",""-11"",""-35"",""-67"",""-25""]",0,0.0,0,1,"[""-47"",""-11"",""-35"",""-67"",""-25""]",0,0,0,0,final-diversified_vote10-DIVERSIFIED-VOTE10-final-b03-F030-aggregate,10,10,10,119968.0,33940.0,0.0,699306.0,"[""-17"",""-35"",""-47"",""-31"",""-52""]",0,0.4,2,1,"[""-17"",""-35"",""-47"",""-31"",""-52""]",0,0,0,0,final-evolved_champion-G-A20DBD76963B-final-b03-F030-aggregate,7,7,10,136995.0,31630.0,0.0,679992.0,"[""-11"",""-40"",""-47"",""-28"",""-67""]",0,0.2,1,1,"[""-11"",""-40"",""-47"",""-28"",""-67""]",0,0,0,0,final-generalist_vote10-GENERALIST-VOTE10-final-b03-F030-aggregate,10,10,10,119920.0,35302.0,0.0,712707.0
F031,final-b03,POLY,very-hard,"[""464"",""494"",""498"",""467"",""391""]","[""464"",""494"",""498"",""467"",""391""]",1,1.0,5,1,"[""464"",""494"",""498"",""467"",""391""]",1,0,0,0,final-best_initial_founder-G-0025CFC9EF2E-final-b03-F031-aggregate,10,10,10,120040.0,36101.0,0.0,730570.0,"[""464"",""494"",""498"",""467"",""391""]",1,1.0,5,1,"[""464"",""494"",""498"",""467"",""391""]",1,0,0,0,final-diversified_vote10-DIVERSIFIED-VOTE10-final-b03-F031-aggregate,10,10,10,119968.0,33940.0,0.0,699306.0,"[""464"",""494"",""498"",""467"",""391""]",1,1.0,5,1,"[""464"",""494"",""498"",""467"",""391""]",1,0,0,0,final-evolved_champion-G-A20DBD76963B-final-b03-F031-aggregate,7,7,10,136995.0,31630.0,0.0,679992.0,"[""464"",""494"",""498"",""467"",""391""]",1,1.0,5,1,"[""464"",""494"",""498"",""467"",""391""]",1,0,0,0,final-generalist_vote10-GENERALIST-VOTE10-final-b03-F031-aggregate,10,10,10,119920.0,35302.0,0.0,712707.0
F032,final-b03,LIN2,hard,"[""616556"",""1684460"",""4602028"",""12572972"",""34349996""]","[""594424"",""1557596"",""4078364"",""10677496"",""27954124""]",0,0.0,0,1,"[""594424"",""1557596"",""4078364"",""10677496"",""27954124""]",0,0,0,0,final-best_initial_founder-G-0025CFC9EF2E-final-b03-F032-aggregate,10,10,10,120040.0,36101.0,0.0,730570.0,"[""509140"",""1076268"",""2210524"",""4479036"",""9016060""]",0,0.0,0,1,"[""509140"",""1076268"",""2210524"",""4479036"",""9016060""]",0,0,0,0,final-diversified_vote10-DIVERSIFIED-VOTE10-final-b03-F032-aggregate,10,10,10,119968.0,33940.0,0.0,699306.0,"[""616012"",""1680032"",""4582028"",""12492880"",""34078472""]",0,0.0,0,1,"[""616012"",""1680032"",""4582028"",""12492880"",""34078472""]",0,0,0,0,final-evolved_champion-G-A20DBD76963B-final-b03-F032-aggregate,7,7,10,136995.0,31630.0,0.0,679992.0,"[""616556"",""1684460"",""4602028"",""12572972"",""34350000""]",0,0.8,4,1,"[""616556"",""1684460"",""4602028"",""12572972"",""34350000""]",0,0,0,0,final-generalist_vote10-GENERALIST-VOTE10-final-b03-F032-aggregate,10,10,10,119920.0,35302.0,0.0,712707.0
F033,final-b03,PDELTA,stress,"[""193"",""273"",""279"",""400"",""518""]","[""193"",""273"",""279"",""392"",""518""]",0,0.8,4,1,"[""193"",""273"",""279"",""392"",""518""]",0,0,0,0,final-best_initial_founder-G-0025CFC9EF2E-final-b03-F033-aggregate,10,10,10,120040.0,36101.0,0.0,730570.0,"[""273"",""279"",""193"",""518"",""536""]",0,0.0,0,1,"[""273"",""279"",""193"",""518"",""536""]",0,0,0,0,final-diversified_vote10-DIVERSIFIED-VOTE10-final-b03-F033-aggregate,10,10,10,119968.0,33940.0,0.0,699306.0,"[""273"",""273"",""215"",""518"",""504""]",0,0.2,1,1,"[""273"",""273"",""215"",""518"",""504""]",0,0,0,0,final-evolved_champion-G-A20DBD76963B-final-b03-F033-aggregate,7,7,10,136995.0,31630.0,0.0,679992.0,"[""279"",""193"",""273"",""536"",""400""]",0,0.0,0,1,"[""279"",""193"",""273"",""536"",""400""]",0,0,0,0,final-generalist_vote10-GENERALIST-VOTE10-final-b03-F033-aggregate,10,10,10,119920.0,35302.0,0.0,712707.0
F034,final-b03,POLY,hard,"[""446"",""579"",""736"",""919"",""1130""]","[""446"",""579"",""736"",""919"",""1130""]",1,1.0,5,1,"[""446"",""579"",""736"",""919"",""1130""]",1,0,0,0,final-best_initial_founder-G-0025CFC9EF2E-final-b03-F034-aggregate,10,10,10,120040.0,36101.0,0.0,730570.0,"[""446"",""579"",""736"",""919"",""1130""]",1,1.0,5,1,"[""446"",""579"",""736"",""919"",""1130""]",1,0,0,0,final-diversified_vote10-DIVERSIFIED-VOTE10-final-b03-F034-aggregate,10,10,10,119968.0,33940.0,0.0,699306.0,"[""446"",""579"",""736"",""919"",""1130""]",1,1.0,5,1,"[""450"",""591"",""760"",""959"",""1190""]",0,1,0,1,final-evolved_champion-G-A20DBD76963B-final-b03-F034-aggregate,7,7,10,136995.0,31630.0,0.0,679992.0,"[""446"",""579"",""736"",""919"",""1130""]",1,1.0,5,1,"[""446"",""579"",""736"",""919"",""1130""]",1,0,0,0,final-generalist_vote10-GENERALIST-VOTE10-final-b03-F034-aggregate,10,10,10,119920.0,35302.0,0.0,712707.0
F035,final-b03,AFFINE,very-hard,"[""-2771363"",""-5542730"",""-16628195"",""-33256394"",""-99769187""]","[""-2771363"",""-5542730"",""-16628195"",""-33256394"",""-99769187""]",1,1.0,5,1,"[""-2771363"",""-5542730"",""-16628195"",""-33256394"",""-99769187""]",1,0,0,0,final-best_initial_founder-G-0025CFC9EF2E-final-b03-F035-aggregate,10,10,10,120040.0,36101.0,0.0,730570.0,"[""-2771363"",""-5542730"",""-16628195"",""-33256394"",""-99769187""]",1,1.0,5,1,"[""-2771363"",""-5542730"",""-16628195"",""-33256394"",""-99769187""]",1,0,0,0,final-diversified_vote10-DIVERSIFIED-VOTE10-final-b03-F035-aggregate,10,10,10,119968.0,33940.0,0.0,699306.0,"[""-2771363"",""-5542730"",""-16628195"",""-33256394"",""-99769187""]",1,1.0,5,1,"[""-2771363"",""-5542730"",""-16628195"",""-33256394"",""-99769187""]",1,0,0,0,final-evolved_champion-G-A20DBD76963B-final-b03-F035-aggregate,7,7,10,136995.0,31630.0,0.0,679992.0,"[""-2771363"",""-5542730"",""-16628195"",""-33256394"",""-99769187""]",1,1.0,5,1,"[""-2771363"",""-5542730"",""-16628195"",""-33256394"",""-99769187""]",1,0,0,0,final-generalist_vote10-GENERALIST-VOTE10-final-b03-F035-aggregate,10,10,10,119920.0,35302.0,0.0,712707.0
F036,final-b03,PDELTA,hard,"[""27"",""28"",""33"",""34"",""39""]","[""27"",""28"",""33"",""34"",""39""]",1,1.0,5,1,"[""27"",""28"",""33"",""34"",""39""]",1,0,0,0,final-best_initial_founder-G-0025CFC9EF2E-final-b03-F036-aggregate,10,10,10,120040.0,36101.0,0.0,730570.0,"[""27"",""28"",""33"",""34"",""39""]",1,1.0,5,1,"[""27"",""28"",""33"",""34"",""39""]",1,0,0,0,final-diversified_vote10-DIVERSIFIED-VOTE10-final-b03-F036-aggregate,10,10,10,119968.0,33940.0,0.0,699306.0,"[""27"",""28"",""33"",""34"",""39""]",1,1.0,5,1,"[""27"",""28"",""33"",""34"",""39""]",1,0,0,0,final-evolved_champion-G-A20DBD76963B-final-b03-F036-aggregate,7,7,10,136995.0,31630.0,0.0,679992.0,"[""27"",""28"",""33"",""34"",""39""]",1,1.0,5,1,"[""27"",""28"",""33"",""34"",""39""]",1,0,0,0,final-generalist_vote10-GENERALIST-VOTE10-final-b03-F036-aggregate,10,10,10,119920.0,35302.0,0.0,712707.0
F037,final-b04,INTERLEAVE,very-hard,"[""-23"",""48"",""20"",""-26"",""81""]","[""20"",""-23"",""48"",""20"",""-26""]",0,0.0,0,1,"[""20"",""-23"",""48"",""20"",""-26""]",0,0,0,0,final-best_initial_founder-G-0025CFC9EF2E-final-b04-F037-aggregate,10,10,10,119560.0,26219.0,0.0,554938.0,"[""-13"",""-11"",""-14"",""20"",""-14""]",0,0.0,0,1,"[""-13"",""-11"",""-14"",""20"",""-14""]",0,0,0,0,final-diversified_vote10-DIVERSIFIED-VOTE10-final-b04-F037-aggregate,10,10,10,119488.0,24940.0,0.0,523005.0,"[""20"",""-23"",""48"",""20"",""-26""]",0,0.0,0,1,"[""20"",""-23"",""48"",""20"",""-26""]",0,0,0,0,final-evolved_champion-G-A20DBD76963B-final-b04-F037-aggregate,7,7,10,135906.0,21150.0,0.0,429661.0,"[""-23"",""29"",""20"",""-26"",""48""]",0,0.6,3,1,"[""-23"",""29"",""20"",""-26"",""48""]",0,0,0,0,final-generalist_vote10-GENERALIST-VOTE10-final-b04-F037-aggregate,10,10,10,119440.0,27103.0,0.0,568890.0
F038,final-b04,GROWBLOCK,hard,"[""18"",""21"",""14"",""17"",""20""]","[""18"",""21"",""24"",""17"",""20""]",0,0.8,4,1,"[""18"",""21"",""24"",""17"",""20""]",0,0,0,0,final-best_initial_founder-G-0025CFC9EF2E-final-b04-F038-aggregate,10,10,10,119560.0,26219.0,0.0,554938.0,"[""18"",""11"",""14"",""17"",""20""]",0,0.8,4,1,"[""18"",""11"",""14"",""17"",""20""]",0,0,0,0,final-diversified_vote10-DIVERSIFIED-VOTE10-final-b04-F038-aggregate,10,10,10,119488.0,24940.0,0.0,523005.0,"[""8"",""11"",""14"",""17"",""7""]",0,0.4,2,1,"[""18"",""21"",""24"",""27"",""30""]",0,1,0,0,final-evolved_champion-G-A20DBD76963B-final-b04-F038-aggregate,7,7,10,135906.0,21150.0,0.0,429661.0,"[""18"",""21"",""24"",""17"",""20""]",0,0.8,4,1,"[""18"",""21"",""24"",""17"",""20""]",0,0,0,0,final-generalist_vote10-GENERALIST-VOTE10-final-b04-F038-aggregate,10,10,10,119440.0,27103.0,0.0,568890.0
F039,final-b04,MODAFFINE,stress,"[""71"",""89"",""22"",""85"",""2""]","[""79"",""64"",""110"",""47"",""87""]",0,0.0,0,1,"[""79"",""64"",""110"",""47"",""87""]",0,0,0,0,final-best_initial_founder-G-0025CFC9EF2E-final-b04-F039-aggregate,10,10,10,119560.0,26219.0,0.0,554938.0,"[""95"",""31"",""83"",""60"",""103""]",0,0.0,0,1,"[""95"",""31"",""83"",""60"",""103""]",0,0,0,0,final-diversified_vote10-DIVERSIFIED-VOTE10-final-b04-F039-aggregate,10,10,10,119488.0,24940.0,0.0,523005.0,"[""-42"",""132"",""-17"",""160"",""-2""]",0,0.0,0,1,"[""-42"",""132"",""-17"",""160"",""-2""]",0,0,0,0,final-evolved_champion-G-A20DBD76963B-final-b04-F039-aggregate,7,7,10,135906.0,21150.0,0.0,429661.0,"[""95"",""31"",""83"",""60"",""103""]",0,0.0,0,1,"[""95"",""31"",""83"",""60"",""103""]",0,0,0,0,final-generalist_vote10-GENERALIST-VOTE10-final-b04-F039-aggregate,10,10,10,119440.0,27103.0,0.0,568890.0
F040,final-b04,LAGPOLY,hard,"[""-23"",""-28"",""-28"",""-32"",""-33""]","[""-23"",""-28"",""-28"",""-32"",""-33""]",1,1.0,5,1,"[""-23"",""-28"",""-28"",""-32"",""-33""]",1,0,0,0,final-best_initial_founder-G-0025CFC9EF2E-final-b04-F040-aggregate,10,10,10,119560.0,26219.0,0.0,554938.0,"[""-23"",""-28"",""-28"",""-32"",""-33""]",1,1.0,5,1,"[""-23"",""-28"",""-28"",""-32"",""-33""]",1,0,0,0,final-diversified_vote10-DIVERSIFIED-VOTE10-final-b04-F040-aggregate,10,10,10,119488.0,24940.0,0.0,523005.0,"[""-23"",""-28"",""-28"",""-32"",""-33""]",1,1.0,5,1,"[""-23"",""-28"",""-28"",""-32"",""-33""]",1,0,0,0,final-evolved_champion-G-A20DBD76963B-final-b04-F040-aggregate,7,7,10,135906.0,21150.0,0.0,429661.0,"[""-23"",""-28"",""-28"",""-32"",""-33""]",1,1.0,5,1,"[""-23"",""-28"",""-28"",""-32"",""-33""]",1,0,0,0,final-generalist_vote10-GENERALIST-VOTE10-final-b04-F040-aggregate,10,10,10,119440.0,27103.0,0.0,568890.0
F041,final-b04,INTERLEAVE,stress,"[""297"",""39"",""-57"",""601"",""56""]","[""297"",""39"",""-56"",""601"",""56""]",0,0.8,4,1,"[""297"",""39"",""-56"",""601"",""56""]",0,0,0,0,final-best_initial_founder-G-0025CFC9EF2E-final-b04-F041-aggregate,10,10,10,119560.0,26219.0,0.0,554938.0,"[""-52"",""297"",""39"",""-91"",""601""]",0,0.0,0,1,"[""-52"",""297"",""39"",""-91"",""601""]",0,0,0,0,final-diversified_vote10-DIVERSIFIED-VOTE10-final-b04-F041-aggregate,10,10,10,119488.0,24940.0,0.0,523005.0,"[""39"",""-50"",""297"",""58"",""-83""]",0,0.0,0,1,"[""39"",""-50"",""297"",""58"",""-83""]",0,0,0,0,final-evolved_champion-G-A20DBD76963B-final-b04-F041-aggregate,7,7,10,135906.0,21150.0,0.0,429661.0,"[""39"",""-46"",""297"",""56"",""-92""]",0,0.0,0,1,"[""39"",""-46"",""297"",""56"",""-92""]",0,0,0,0,final-generalist_vote10-GENERALIST-VOTE10-final-b04-F041-aggregate,10,10,10,119440.0,27103.0,0.0,568890.0
F042,final-b04,INTERLEAVE,hard,"[""-764"",""56"",""-1532"",""84"",""-3068""]","[""-764"",""56"",""-1532"",""84"",""-3068""]",1,1.0,5,1,"[""-764"",""56"",""-1532"",""84"",""-3068""]",1,0,0,0,final-best_initial_founder-G-0025CFC9EF2E-final-b04-F042-aggregate,10,10,10,119560.0,26219.0,0.0,554938.0,"[""-764"",""56"",""-1532"",""84"",""-3068""]",1,1.0,5,1,"[""-764"",""56"",""-1532"",""84"",""-3068""]",1,0,0,0,final-diversified_vote10-DIVERSIFIED-VOTE10-final-b04-F042-aggregate,10,10,10,119488.0,24940.0,0.0,523005.0,"[""-764"",""56"",""-1532"",""84"",""-3068""]",1,1.0,5,1,"[""-764"",""56"",""-1532"",""84"",""-3068""]",1,0,0,0,final-evolved_champion-G-A20DBD76963B-final-b04-F042-aggregate,7,7,10,135906.0,21150.0,0.0,429661.0,"[""-764"",""56"",""-1532"",""84"",""-3068""]",1,1.0,5,1,"[""-764"",""56"",""-1532"",""84"",""-3068""]",1,0,0,0,final-generalist_vote10-GENERALIST-VOTE10-final-b04-F042-aggregate,10,10,10,119440.0,27103.0,0.0,568890.0
F043,final-b04,LAGPOLY,stress,"[""-33"",""-38"",""201"",""-11"",""-94""]","[""-57"",""-11"",""194"",""-67"",""-21""]",0,0.0,0,1,"[""-57"",""-11"",""194"",""-67"",""-21""]",0,0,0,0,final-best_initial_founder-G-0025CFC9EF2E-final-b04-F043-aggregate,10,10,10,119560.0,26219.0,0.0,554938.0,"[""159"",""-60"",""309"",""-87"",""597""]",0,0.0,0,1,"[""159"",""-60"",""309"",""-87"",""597""]",0,0,0,0,final-diversified_vote10-DIVERSIFIED-VOTE10-final-b04-F043-aggregate,10,10,10,119488.0,24940.0,0.0,523005.0,"[""-49"",""-21"",""201"",""-45"",""-41""]",0,0.2,1,1,"[""-49"",""-21"",""201"",""-45"",""-41""]",0,0,0,0,final-evolved_champion-G-A20DBD76963B-final-b04-F043-aggregate,7,7,10,135906.0,21150.0,0.0,429661.0,"[""-21"",""201"",""-47"",""-39"",""309""]",0,0.0,0,1,"[""-21"",""201"",""-47"",""-39"",""309""]",0,0,0,0,final-generalist_vote10-GENERALIST-VOTE10-final-b04-F043-aggregate,10,10,10,119440.0,27103.0,0.0,568890.0
F044,final-b04,LAGPOLY,very-hard,"[""15"",""-64"",""-15"",""5"",""-90""]","[""15"",""-64"",""-15"",""5"",""-90""]",1,1.0,5,1,"[""15"",""-64"",""-15"",""5"",""-90""]",1,0,0,0,final-best_initial_founder-G-0025CFC9EF2E-final-b04-F044-aggregate,10,10,10,119560.0,26219.0,0.0,554938.0,"[""17"",""-64"",""-15"",""11"",""-90""]",0,0.6,3,1,"[""17"",""-64"",""-15"",""11"",""-90""]",0,0,0,0,final-diversified_vote10-DIVERSIFIED-VOTE10-final-b04-F044-aggregate,10,10,10,119488.0,24940.0,0.0,523005.0,"[""15"",""-64"",""-15"",""5"",""-90""]",1,1.0,5,1,"[""15"",""-64"",""-15"",""5"",""-90""]",1,0,0,0,final-evolved_champion-G-A20DBD76963B-final-b04-F044-aggregate,7,7,10,135906.0,21150.0,0.0,429661.0,"[""15"",""-15"",""-15"",""7"",""-85""]",0,0.4,2,1,"[""15"",""-15"",""-15"",""7"",""-85""]",0,0,0,0,final-generalist_vote10-GENERALIST-VOTE10-final-b04-F044-aggregate,10,10,10,119440.0,27103.0,0.0,568890.0
F045,final-b04,GROWBLOCK,very-hard,"[""127"",""155"",""59"",""94"",""129""]","[""127"",""155"",""109"",""144"",""179""]",0,0.4,2,1,"[""127"",""155"",""109"",""144"",""179""]",0,0,0,0,final-best_initial_founder-G-0025CFC9EF2E-final-b04-F045-aggregate,10,10,10,119560.0,26219.0,0.0,554938.0,"[""127"",""155"",""183"",""51"",""79""]",0,0.4,2,1,"[""127"",""155"",""183"",""51"",""79""]",0,0,0,0,final-diversified_vote10-DIVERSIFIED-VOTE10-final-b04-F045-aggregate,10,10,10,119488.0,24940.0,0.0,523005.0,"[""127"",""162"",""197"",""232"",""267""]",0,0.2,1,1,"[""127"",""162"",""197"",""232"",""267""]",0,0,0,0,final-evolved_champion-G-A20DBD76963B-final-b04-F045-aggregate,7,7,10,135906.0,21150.0,0.0,429661.0,"[""127"",""155"",""183"",""211"",""239""]",0,0.4,2,1,"[""127"",""155"",""183"",""211"",""239""]",0,0,0,0,final-generalist_vote10-GENERALIST-VOTE10-final-b04-F045-aggregate,10,10,10,119440.0,27103.0,0.0,568890.0
F046,final-b04,MODAFFINE,very-hard,"[""8"",""5"",""43"",""16"",""29""]","[""-3"",""41"",""28"",""-7"",""-9""]",0,0.0,0,1,"[""-3"",""41"",""28"",""-7"",""-9""]",0,0,0,0,final-best_initial_founder-G-0025CFC9EF2E-final-b04-F046-aggregate,10,10,10,119560.0,26219.0,0.0,554938.0,"[""-18"",""-8"",""-28"",""-17"",""-45""]",0,0.0,0,1,"[""-18"",""-8"",""-28"",""-17"",""-45""]",0,0,0,0,final-diversified_vote10-DIVERSIFIED-VOTE10-final-b04-F046-aggregate,10,10,10,119488.0,24940.0,0.0,523005.0,"[""-36"",""42"",""-15"",""39"",""-12""]",0,0.0,0,1,"[""-36"",""42"",""-15"",""39"",""-12""]",0,0,0,0,final-evolved_champion-G-A20DBD76963B-final-b04-F046-aggregate,7,7,10,135906.0,21150.0,0.0,429661.0,"[""-15"",""55"",""-2"",""-31"",""76""]",0,0.0,0,1,"[""-15"",""55"",""-2"",""-31"",""76""]",0,0,0,0,final-generalist_vote10-GENERALIST-VOTE10-final-b04-F046-aggregate,10,10,10,119440.0,27103.0,0.0,568890.0
F047,final-b04,GROWBLOCK,stress,"[""-92"",""-129"",""-166"",""-203"",""-240""]","[""-196"",""-225"",""-254"",""-283"",""-312""]",0,0.0,0,1,"[""-196"",""-225"",""-254"",""-283"",""-312""]",0,0,0,0,final-best_initial_founder-G-0025CFC9EF2E-final-b04-F047-aggregate,10,10,10,119560.0,26219.0,0.0,554938.0,"[""-196"",""-225"",""-254"",""-283"",""-312""]",0,0.0,0,1,"[""-196"",""-225"",""-254"",""-283"",""-312""]",0,0,0,0,final-diversified_vote10-DIVERSIFIED-VOTE10-final-b04-F047-aggregate,10,10,10,119488.0,24940.0,0.0,523005.0,"[""-88"",""-129"",""-170"",""-211"",""-252""]",0,0.2,1,1,"[""-196"",""-225"",""-254"",""-283"",""-312""]",0,1,0,0,final-evolved_champion-G-A20DBD76963B-final-b04-F047-aggregate,7,7,10,135906.0,21150.0,0.0,429661.0,"[""-196"",""-225"",""-254"",""-283"",""-312""]",0,0.0,0,1,"[""-196"",""-225"",""-254"",""-283"",""-312""]",0,0,0,0,final-generalist_vote10-GENERALIST-VOTE10-final-b04-F047-aggregate,10,10,10,119440.0,27103.0,0.0,568890.0
F048,final-b04,MODAFFINE,hard,"[""7"",""36"",""9"",""3"",""16""]","[""-4"",""-5"",""-13"",""-18"",""-30""]",0,0.0,0,1,"[""-4"",""-5"",""-13"",""-18"",""-30""]",0,0,0,0,final-best_initial_founder-G-0025CFC9EF2E-final-b04-F048-aggregate,10,10,10,119560.0,26219.0,0.0,554938.0,"[""-4"",""33"",""-1"",""42"",""-2""]",0,0.0,0,1,"[""-4"",""33"",""-1"",""42"",""-2""]",0,0,0,0,final-diversified_vote10-DIVERSIFIED-VOTE10-final-b04-F048-aggregate,10,10,10,119488.0,24940.0,0.0,523005.0,"[""-10"",""-14"",""-18"",""-22"",""-26""]",0,0.0,0,1,"[""-10"",""-14"",""-18"",""-22"",""-26""]",0,0,0,0,final-evolved_champion-G-A20DBD76963B-final-b04-F048-aggregate,7,7,10,135906.0,21150.0,0.0,429661.0,"[""-2"",""-25"",""-20"",""6"",""1""]",0,0.0,0,1,"[""-2"",""-25"",""-20"",""6"",""1""]",0,0,0,0,final-generalist_vote10-GENERALIST-VOTE10-final-b04-F048-aggregate,10,10,10,119440.0,27103.0,0.0,568890.0
F049,final-b05,AFFINE,hard,"[""3454364"",""10363097"",""31089296"",""93267893"",""279803684""]","[""3454364"",""10363097"",""31089296"",""93267893"",""279803684""]",1,1.0,5,1,"[""3454364"",""10363097"",""31089296"",""93267893"",""279803684""]",1,0,0,0,final-best_initial_founder-G-0025CFC9EF2E-final-b05-F049-aggregate,10,10,10,119970.0,31971.0,0.0,659739.0,"[""3454364"",""10363097"",""31089296"",""93267893"",""279803684""]",1,1.0,5,1,"[""3454364"",""10363097"",""31089296"",""93267893"",""279803684""]",1,0,0,0,final-diversified_vote10-DIVERSIFIED-VOTE10-final-b05-F049-aggregate,10,10,10,119898.0,33893.0,0.0,694833.0,"[""3454364"",""10363097"",""31089296"",""93267893"",""279803684""]",1,1.0,5,1,"[""3454364"",""10363097"",""31089296"",""93267893"",""279803684""]",1,0,0,0,final-evolved_champion-G-A20DBD76963B-final-b05-F049-aggregate,7,7,10,136066.0,30544.0,0.0,627406.0,"[""3454364"",""10363097"",""31089296"",""93267893"",""279803684""]",1,1.0,5,1,"[""3454364"",""10363097"",""31089296"",""93267893"",""279803684""]",1,0,0,0,final-generalist_vote10-GENERALIST-VOTE10-final-b05-F049-aggregate,10,10,10,119850.0,32627.0,0.0,666381.0
F050,final-b05,PDELTA,hard,"[""21"",""19"",""24"",""22"",""27""]","[""21"",""19"",""24"",""22"",""27""]",1,1.0,5,1,"[""21"",""19"",""24"",""22"",""27""]",1,0,0,0,final-best_initial_founder-G-0025CFC9EF2E-final-b05-F050-aggregate,10,10,10,119970.0,31971.0,0.0,659739.0,"[""21"",""19"",""24"",""22"",""27""]",1,1.0,5,1,"[""21"",""19"",""24"",""22"",""27""]",1,0,0,0,final-diversified_vote10-DIVERSIFIED-VOTE10-final-b05-F050-aggregate,10,10,10,119898.0,33893.0,0.0,694833.0,"[""21"",""19"",""24"",""22"",""27""]",1,1.0,5,1,"[""21"",""19"",""24"",""22"",""27""]",1,0,0,0,final-evolved_champion-G-A20DBD76963B-final-b05-F050-aggregate,7,7,10,136066.0,30544.0,0.0,627406.0,"[""21"",""19"",""24"",""22"",""27""]",1,1.0,5,1,"[""21"",""19"",""24"",""22"",""27""]",1,0,0,0,final-generalist_vote10-GENERALIST-VOTE10-final-b05-F050-aggregate,10,10,10,119850.0,32627.0,0.0,666381.0
F051,final-b05,AFFINE,stress,"[""-5953"",""5956"",""-17864"",""17861"",""-17858""]","[""-5953"",""5956"",""-17864"",""17861"",""-17858""]",1,1.0,5,1,"[""-5953"",""5956"",""-17864"",""17861"",""-17858""]",1,0,0,0,final-best_initial_founder-G-0025CFC9EF2E-final-b05-F051-aggregate,10,10,10,119970.0,31971.0,0.0,659739.0,"[""-5953"",""5956"",""-17864"",""17861"",""-17858""]",1,1.0,5,1,"[""-5953"",""5956"",""-17864"",""17861"",""-17858""]",1,0,0,0,final-diversified_vote10-DIVERSIFIED-VOTE10-final-b05-F051-aggregate,10,10,10,119898.0,33893.0,0.0,694833.0,"[""-5953"",""5956"",""-17864"",""17861"",""-53579""]",0,0.8,4,1,"[""-5953"",""5956"",""-17864"",""17861"",""-53579""]",0,0,0,0,final-evolved_champion-G-A20DBD76963B-final-b05-F051-aggregate,7,7,10,136066.0,30544.0,0.0,627406.0,"[""-5953"",""5956"",""-17864"",""17861"",""-17858""]",1,1.0,5,1,"[""-5953"",""5956"",""-17864"",""17861"",""-17858""]",1,0,0,0,final-generalist_vote10-GENERALIST-VOTE10-final-b05-F051-aggregate,10,10,10,119850.0,32627.0,0.0,666381.0
F052,final-b05,POLY,stress,"[""-3973"",""-5917"",""-8508"",""-11887"",""-16213""]","[""-3973"",""-5917"",""-8508"",""-11887"",""-16213""]",1,1.0,5,1,"[""-3973"",""-5917"",""-8508"",""-11887"",""-16213""]",1,0,0,0,final-best_initial_founder-G-0025CFC9EF2E-final-b05-F052-aggregate,10,10,10,119970.0,31971.0,0.0,659739.0,"[""-3973"",""-5917"",""-8508"",""-11887"",""-16213""]",1,1.0,5,1,"[""-3973"",""-5917"",""-8508"",""-11887"",""-16213""]",1,0,0,0,final-diversified_vote10-DIVERSIFIED-VOTE10-final-b05-F052-aggregate,10,10,10,119898.0,33893.0,0.0,694833.0,"[""-3959"",""-5860"",""-8363"",""-11592"",""-15688""]",0,0.0,0,1,"[""-3959"",""-5860"",""-8363"",""-11592"",""-15688""]",0,0,0,0,final-evolved_champion-G-A20DBD76963B-final-b05-F052-aggregate,7,7,10,136066.0,30544.0,0.0,627406.0,"[""-3959"",""-5860"",""-8363"",""-11592"",""-15688""]",0,0.0,0,1,"[""-3959"",""-5860"",""-8363"",""-11592"",""-15688""]",0,0,0,0,final-generalist_vote10-GENERALIST-VOTE10-final-b05-F052-aggregate,10,10,10,119850.0,32627.0,0.0,666381.0
F053,final-b05,LIN2,stress,"[""516032"",""1245813"",""3007659"",""7261125"",""17529908""]","[""516032"",""1245813"",""3007659"",""7021125"",""17049908""]",0,0.6,3,1,"[""516032"",""1245813"",""3007659"",""7021125"",""17049908""]",0,0,0,0,final-best_initial_founder-G-0025CFC9EF2E-final-b05-F053-aggregate,10,10,10,119970.0,31971.0,0.0,659739.0,"[""516032"",""1245813"",""3007659"",""7021125"",""17049908""]",0,0.6,3,1,"[""516032"",""1245813"",""3007659"",""7021125"",""17049908""]",0,0,0,0,final-diversified_vote10-DIVERSIFIED-VOTE10-final-b05-F053-aggregate,10,10,10,119898.0,33893.0,0.0,694833.0,"[""516032"",""1245813"",""3007659"",""7261125"",""17529908""]",1,1.0,5,1,"[""516032"",""1245813"",""3007659"",""7261125"",""17529908""]",1,0,0,0,final-evolved_champion-G-A20DBD76963B-final-b05-F053-aggregate,7,7,10,136066.0,30544.0,0.0,627406.0,"[""516032"",""1245813"",""3007659"",""7261125"",""17529908""]",1,1.0,5,1,"[""516032"",""1245813"",""3007659"",""7261125"",""17529908""]",1,0,0,0,final-generalist_vote10-GENERALIST-VOTE10-final-b05-F053-aggregate,10,10,10,119850.0,32627.0,0.0,666381.0
F054,final-b05,AFFINE,very-hard,"[""1066421"",""-3199269"",""-6398539"",""19195611"",""38391221""]","[""1066421"",""-3199269"",""-6398539"",""19195611"",""38391221""]",1,1.0,5,1,"[""1066421"",""-3199269"",""-6398539"",""19195611"",""38391221""]",1,0,0,0,final-best_initial_founder-G-0025CFC9EF2E-final-b05-F054-aggregate,10,10,10,119970.0,31971.0,0.0,659739.0,"[""1066421"",""-3199269"",""-6398539"",""19195611"",""38391221""]",1,1.0,5,1,"[""1066421"",""-3199269"",""-6398539"",""19195611"",""38391221""]",1,0,0,0,final-diversified_vote10-DIVERSIFIED-VOTE10-final-b05-F054-aggregate,10,10,10,119898.0,33893.0,0.0,694833.0,"[""1066421"",""-3199269"",""-6398539"",""19195611"",""38391221""]",1,1.0,5,1,"[""1066421"",""-3199269"",""-6398539"",""19195611"",""38391221""]",1,0,0,0,final-evolved_champion-G-A20DBD76963B-final-b05-F054-aggregate,7,7,10,136066.0,30544.0,0.0,627406.0,"[""1066421"",""-3199269"",""-6398539"",""19195611"",""38391221""]",1,1.0,5,1,"[""1066421"",""-3199269"",""-6398539"",""19195611"",""38391221""]",1,0,0,0,final-generalist_vote10-GENERALIST-VOTE10-final-b05-F054-aggregate,10,10,10,119850.0,32627.0,0.0,666381.0
F055,final-b05,LIN2,very-hard,"[""-103"",""-843"",""1051"",""639"",""-2739""]","[""-462"",""2009"",""1140"",""-863"",""5133""]",0,0.0,0,1,"[""-462"",""2009"",""1140"",""-863"",""5133""]",0,0,0,0,final-best_initial_founder-G-0025CFC9EF2E-final-b05-F055-aggregate,10,10,10,119970.0,31971.0,0.0,659739.0,"[""435"",""-551"",""-317"",""1838"",""827""]",0,0.0,0,1,"[""435"",""-551"",""-317"",""1838"",""827""]",0,0,0,0,final-diversified_vote10-DIVERSIFIED-VOTE10-final-b05-F055-aggregate,10,10,10,119898.0,33893.0,0.0,694833.0,"[""435"",""-551"",""-317"",""1008"",""827""]",0,0.0,0,1,"[""435"",""-551"",""-317"",""1008"",""827""]",0,0,0,0,final-evolved_champion-G-A20DBD76963B-final-b05-F055-aggregate,7,7,10,136066.0,30544.0,0.0,627406.0,"[""-103"",""-901"",""-177"",""-1513"",""-251""]",0,0.2,1,1,"[""-103"",""-901"",""-177"",""-1513"",""-251""]",0,0,0,0,final-generalist_vote10-GENERALIST-VOTE10-final-b05-F055-aggregate,10,10,10,119850.0,32627.0,0.0,666381.0
F056,final-b05,PDELTA,stress,"[""-97"",""-99"",""-147"",""-107"",""-100""]","[""-134"",""-101"",""-89"",""-154"",""-111""]",0,0.0,0,1,"[""-134"",""-101"",""-89"",""-154"",""-111""]",0,0,0,0,final-best_initial_founder-G-0025CFC9EF2E-final-b05-F056-aggregate,10,10,10,119970.0,31971.0,0.0,659739.0,"[""-138"",""-167"",""-201"",""-240"",""-284""]",0,0.0,0,1,"[""-138"",""-167"",""-201"",""-240"",""-284""]",0,0,0,0,final-diversified_vote10-DIVERSIFIED-VOTE10-final-b05-F056-aggregate,10,10,10,119898.0,33893.0,0.0,694833.0,"[""-127"",""-145"",""-166"",""-190"",""-217""]",0,0.0,0,1,"[""-127"",""-145"",""-166"",""-190"",""-217""]",0,0,0,0,final-evolved_champion-G-A20DBD76963B-final-b05-F056-aggregate,7,7,10,136066.0,30544.0,0.0,627406.0,"[""-145"",""-181"",""-222"",""-268"",""-319""]",0,0.0,0,1,"[""-145"",""-181"",""-222"",""-268"",""-319""]",0,0,0,0,final-generalist_vote10-GENERALIST-VOTE10-final-b05-F056-aggregate,10,10,10,119850.0,32627.0,0.0,666381.0
F057,final-b05,PDELTA,very-hard,"[""42"",""5"",""39"",""-5"",""33""]","[""39"",""5"",""39"",""-4"",""36""]",0,0.4,2,1,"[""39"",""5"",""39"",""-4"",""36""]",0,0,0,0,final-best_initial_founder-G-0025CFC9EF2E-final-b05-F057-aggregate,10,10,10,119970.0,31971.0,0.0,659739.0,"[""42"",""5"",""39"",""-4"",""36""]",0,0.6,3,1,"[""42"",""5"",""39"",""-4"",""36""]",0,0,0,0,final-diversified_vote10-DIVERSIFIED-VOTE10-final-b05-F057-aggregate,10,10,10,119898.0,33893.0,0.0,694833.0,"[""42"",""5"",""39"",""-5"",""36""]",0,0.8,4,1,"[""42"",""5"",""39"",""-5"",""36""]",0,0,0,0,final-evolved_champion-G-A20DBD76963B-final-b05-F057-aggregate,7,7,10,136066.0,30544.0,0.0,627406.0,"[""0"",""5"",""-3"",""-2"",""-9""]",0,0.2,1,1,"[""0"",""5"",""-3"",""-2"",""-9""]",0,0,0,0,final-generalist_vote10-GENERALIST-VOTE10-final-b05-F057-aggregate,10,10,10,119850.0,32627.0,0.0,666381.0
F058,final-b05,LIN2,hard,"[""-77"",""-89"",""-102"",""-116"",""-131""]","[""-77"",""-89"",""-102"",""-116"",""-131""]",1,1.0,5,1,"[""-77"",""-89"",""-102"",""-116"",""-131""]",1,0,0,0,final-best_initial_founder-G-0025CFC9EF2E-final-b05-F058-aggregate,10,10,10,119970.0,31971.0,0.0,659739.0,"[""-77"",""-89"",""-102"",""-116"",""-131""]",1,1.0,5,1,"[""-77"",""-89"",""-102"",""-116"",""-131""]",1,0,0,0,final-diversified_vote10-DIVERSIFIED-VOTE10-final-b05-F058-aggregate,10,10,10,119898.0,33893.0,0.0,694833.0,"[""-77"",""-89"",""-102"",""-116"",""-131""]",1,1.0,5,1,"[""-77"",""-89"",""-102"",""-116"",""-131""]",1,0,0,0,final-evolved_champion-G-A20DBD76963B-final-b05-F058-aggregate,7,7,10,136066.0,30544.0,0.0,627406.0,"[""-77"",""-89"",""-102"",""-116"",""-131""]",1,1.0,5,1,"[""-77"",""-89"",""-102"",""-116"",""-131""]",1,0,0,0,final-generalist_vote10-GENERALIST-VOTE10-final-b05-F058-aggregate,10,10,10,119850.0,32627.0,0.0,666381.0
F059,final-b05,POLY,hard,"[""-880"",""-1115"",""-1389"",""-1705"",""-2066""]","[""-880"",""-1115"",""-1389"",""-1705"",""-2066""]",1,1.0,5,1,"[""-880"",""-1115"",""-1389"",""-1705"",""-2066""]",1,0,0,0,final-best_initial_founder-G-0025CFC9EF2E-final-b05-F059-aggregate,10,10,10,119970.0,31971.0,0.0,659739.0,"[""-868"",""-1079"",""-1317"",""-1585"",""-1886""]",0,0.0,0,1,"[""-868"",""-1079"",""-1317"",""-1585"",""-1886""]",0,0,0,0,final-diversified_vote10-DIVERSIFIED-VOTE10-final-b05-F059-aggregate,10,10,10,119898.0,33893.0,0.0,694833.0,"[""-880"",""-1115"",""-1389"",""-1705"",""-2066""]",1,1.0,5,1,"[""-880"",""-1115"",""-1389"",""-1705"",""-2066""]",1,0,0,0,final-evolved_champion-G-A20DBD76963B-final-b05-F059-aggregate,7,7,10,136066.0,30544.0,0.0,627406.0,"[""-880"",""-1115"",""-1389"",""-1705"",""-2066""]",1,1.0,5,1,"[""-880"",""-1115"",""-1389"",""-1705"",""-2066""]",1,0,0,0,final-generalist_vote10-GENERALIST-VOTE10-final-b05-F059-aggregate,10,10,10,119850.0,32627.0,0.0,666381.0
F060,final-b05,POLY,very-hard,"[""1476"",""2207"",""3176"",""4429"",""6016""]","[""1476"",""2207"",""3176"",""4429"",""6016""]",1,1.0,5,1,"[""1476"",""2207"",""3176"",""4429"",""6016""]",1,0,0,0,final-best_initial_founder-G-0025CFC9EF2E-final-b05-F060-aggregate,10,10,10,119970.0,31971.0,0.0,659739.0,"[""1476"",""2207"",""3176"",""4429"",""6016""]",1,1.0,5,1,"[""1476"",""2207"",""3176"",""4429"",""6016""]",1,0,0,0,final-diversified_vote10-DIVERSIFIED-VOTE10-final-b05-F060-aggregate,10,10,10,119898.0,33893.0,0.0,694833.0,"[""1476"",""2207"",""3176"",""4429"",""6016""]",1,1.0,5,1,"[""1476"",""2207"",""3176"",""4429"",""6016""]",1,0,0,0,final-evolved_champion-G-A20DBD76963B-final-b05-F060-aggregate,7,7,10,136066.0,30544.0,0.0,627406.0,"[""1476"",""2207"",""3176"",""4429"",""6016""]",1,1.0,5,1,"[""1476"",""2207"",""3176"",""4429"",""6016""]",1,0,0,0,final-generalist_vote10-GENERALIST-VOTE10-final-b05-F060-aggregate,10,10,10,119850.0,32627.0,0.0,666381.0
F061,final-b06,LAGPOLY,hard,"[""-8"",""35"",""-11"",""39"",""-14""]","[""-8"",""35"",""-11"",""39"",""-14""]",1,1.0,5,1,"[""-8"",""35"",""-11"",""39"",""-14""]",1,0,0,0,final-best_initial_founder-G-0025CFC9EF2E-final-b06-F061-aggregate,10,10,10,119610.0,23403.0,0.0,503935.0,"[""-8"",""35"",""-11"",""39"",""-14""]",1,1.0,5,1,"[""-8"",""35"",""-11"",""39"",""-14""]",1,0,0,0,final-diversified_vote10-DIVERSIFIED-VOTE10-final-b06-F061-aggregate,10,10,10,119538.0,22496.0,0.0,493344.0,"[""-8"",""35"",""-11"",""39"",""-14""]",1,1.0,5,1,"[""-8"",""35"",""-11"",""39"",""-14""]",1,0,0,0,final-evolved_champion-G-A20DBD76963B-final-b06-F061-aggregate,7,7,10,136483.0,21597.0,0.0,499132.0,"[""-8"",""35"",""-11"",""39"",""-14""]",1,1.0,5,1,"[""-8"",""35"",""-11"",""39"",""-14""]",1,0,0,0,final-generalist_vote10-GENERALIST-VOTE10-final-b06-F061-aggregate,10,10,10,119490.0,25843.0,0.0,544560.0
F062,final-b06,MODAFFINE,very-hard,"[""29"",""30"",""36"",""25"",""6""]","[""-12"",""6"",""34"",""8"",""-5""]",0,0.0,0,1,"[""-12"",""6"",""34"",""8"",""-5""]",0,0,0,0,final-best_initial_founder-G-0025CFC9EF2E-final-b06-F062-aggregate,10,10,10,119610.0,23403.0,0.0,503935.0,"[""18"",""30"",""7"",""27"",""14""]",0,0.2,1,1,"[""18"",""30"",""7"",""27"",""14""]",0,0,0,0,final-diversified_vote10-DIVERSIFIED-VOTE10-final-b06-F062-aggregate,10,10,10,119538.0,22496.0,0.0,493344.0,"[""15"",""6"",""27"",""12"",""33""]",0,0.0,0,1,"[""15"",""6"",""27"",""12"",""33""]",0,0,0,0,final-evolved_champion-G-A20DBD76963B-final-b06-F062-aggregate,7,7,10,136483.0,21597.0,0.0,499132.0,"[""18"",""30"",""27"",""11"",""24""]",0,0.2,1,1,"[""18"",""30"",""27"",""11"",""24""]",0,0,0,0,final-generalist_vote10-GENERALIST-VOTE10-final-b06-F062-aggregate,10,10,10,119490.0,25843.0,0.0,544560.0
F063,final-b06,INTERLEAVE,stress,"[""45"",""37"",""-19"",""66"",""44""]","[""45"",""37"",""-19"",""66"",""44""]",1,1.0,5,1,"[""45"",""37"",""-19"",""66"",""44""]",1,0,0,0,final-best_initial_founder-G-0025CFC9EF2E-final-b06-F063-aggregate,10,10,10,119610.0,23403.0,0.0,503935.0,"[""49"",""-36"",""37"",""-51"",""44""]",0,0.2,1,1,"[""49"",""-36"",""37"",""-51"",""44""]",0,0,0,0,final-diversified_vote10-DIVERSIFIED-VOTE10-final-b06-F063-aggregate,10,10,10,119538.0,22496.0,0.0,493344.0,"[""37"",""-19"",""15"",""-19"",""44""]",0,0.2,1,1,"[""37"",""-19"",""15"",""-19"",""44""]",0,0,0,0,final-evolved_champion-G-A20DBD76963B-final-b06-F063-aggregate,7,7,10,136483.0,21597.0,0.0,499132.0,"[""45"",""37"",""-51"",""67"",""44""]",0,0.6,3,1,"[""45"",""37"",""-51"",""67"",""44""]",0,0,0,0,final-generalist_vote10-GENERALIST-VOTE10-final-b06-F063-aggregate,10,10,10,119490.0,25843.0,0.0,544560.0
F064,final-b06,GROWBLOCK,stress,"[""-124"",""-37"",""-70"",""-103"",""-136""]","[""-124"",""-152"",""-180"",""-208"",""-236""]",0,0.2,1,1,"[""-124"",""-152"",""-180"",""-208"",""-236""]",0,0,0,0,final-best_initial_founder-G-0025CFC9EF2E-final-b06-F064-aggregate,10,10,10,119610.0,23403.0,0.0,503935.0,"[""-124"",""-152"",""-180"",""-208"",""-236""]",0,0.2,1,1,"[""-124"",""-152"",""-180"",""-208"",""-236""]",0,0,0,0,final-diversified_vote10-DIVERSIFIED-VOTE10-final-b06-F064-aggregate,10,10,10,119538.0,22496.0,0.0,493344.0,"[""-124"",""-152"",""-180"",""-208"",""-236""]",0,0.2,1,1,"[""-124"",""-152"",""-180"",""-208"",""-236""]",0,0,0,0,final-evolved_champion-G-A20DBD76963B-final-b06-F064-aggregate,7,7,10,136483.0,21597.0,0.0,499132.0,"[""-9"",""-42"",""-75"",""-108"",""-141""]",0,0.0,0,1,"[""-9"",""-42"",""-75"",""-108"",""-141""]",0,0,0,0,final-generalist_vote10-GENERALIST-VOTE10-final-b06-F064-aggregate,10,10,10,119490.0,25843.0,0.0,544560.0
F065,final-b06,MODAFFINE,stress,"[""81"",""109"",""17"",""49"",""3""]","[""47"",""45"",""90"",""21"",""103""]",0,0.0,0,1,"[""47"",""45"",""90"",""21"",""103""]",0,0,0,0,final-best_initial_founder-G-0025CFC9EF2E-final-b06-F065-aggregate,10,10,10,119610.0,23403.0,0.0,503935.0,"[""105"",""-15"",""129"",""-18"",""157""]",0,0.0,0,1,"[""105"",""-15"",""129"",""-18"",""157""]",0,0,0,0,final-diversified_vote10-DIVERSIFIED-VOTE10-final-b06-F065-aggregate,10,10,10,119538.0,22496.0,0.0,493344.0,"[""94"",""-9"",""104"",""-6"",""114""]",0,0.0,0,1,"[""94"",""-9"",""104"",""-6"",""114""]",0,0,0,0,final-evolved_champion-G-A20DBD76963B-final-b06-F065-aggregate,7,7,10,136483.0,21597.0,0.0,499132.0,"[""91"",""19"",""102"",""26"",""121""]",0,0.0,0,1,"[""91"",""19"",""102"",""26"",""121""]",0,0,0,0,final-generalist_vote10-GENERALIST-VOTE10-final-b06-F065-aggregate,10,10,10,119490.0,25843.0,0.0,544560.0
F066,final-b06,INTERLEAVE,very-hard,"[""99"",""-15"",""-67"",""-205"",""-22""]","[""99"",""-15"",""-67"",""-205"",""-22""]",1,1.0,5,1,"[""99"",""-15"",""-67"",""-205"",""-22""]",1,0,0,0,final-best_initial_founder-G-0025CFC9EF2E-final-b06-F066-aggregate,10,10,10,119610.0,23403.0,0.0,503935.0,"[""-70"",""-14"",""-91"",""-20"",""-112""]",0,0.0,0,1,"[""-70"",""-14"",""-91"",""-20"",""-112""]",0,0,0,0,final-diversified_vote10-DIVERSIFIED-VOTE10-final-b06-F066-aggregate,10,10,10,119538.0,22496.0,0.0,493344.0,"[""99"",""-15"",""-67"",""-205"",""-22""]",1,1.0,5,1,"[""99"",""-15"",""-67"",""-205"",""-22""]",1,0,0,0,final-evolved_champion-G-A20DBD76963B-final-b06-F066-aggregate,7,7,10,136483.0,21597.0,0.0,499132.0,"[""99"",""-15"",""-67"",""251"",""-22""]",0,0.8,4,1,"[""99"",""-15"",""-67"",""251"",""-22""]",0,0,0,0,final-generalist_vote10-GENERALIST-VOTE10-final-b06-F066-aggregate,10,10,10,119490.0,25843.0,0.0,544560.0
F067,final-b06,GROWBLOCK,very-hard,"[""-85"",""-114"",""-7"",""-43"",""-79""]","[""-78"",""-5"",""-100"",""-16"",""-122""]",0,0.0,0,1,"[""-78"",""-5"",""-100"",""-16"",""-122""]",0,0,0,0,final-best_initial_founder-G-0025CFC9EF2E-final-b06-F067-aggregate,10,10,10,119610.0,23403.0,0.0,503935.0,"[""-78"",""-49"",""-100"",""-71"",""-122""]",0,0.0,0,1,"[""-78"",""-49"",""-100"",""-71"",""-122""]",0,0,0,0,final-diversified_vote10-DIVERSIFIED-VOTE10-final-b06-F067-aggregate,10,10,10,119538.0,22496.0,0.0,493344.0,"[""-85"",""-114"",""-7"",""-36"",""-65""]",0,0.6,3,1,"[""-85"",""-114"",""-7"",""-36"",""-65""]",0,0,0,0,final-evolved_champion-G-A20DBD76963B-final-b06-F067-aggregate,7,7,10,136483.0,21597.0,0.0,499132.0,"[""45"",""9"",""-27"",""-63"",""-99""]",0,0.0,0,1,"[""45"",""9"",""-27"",""-63"",""-99""]",0,0,0,0,final-generalist_vote10-GENERALIST-VOTE10-final-b06-F067-aggregate,10,10,10,119490.0,25843.0,0.0,544560.0
F068,final-b06,LAGPOLY,very-hard,"[""19"",""49"",""38"",""34"",""76""]","[""19"",""49"",""38"",""31"",""76""]",0,0.8,4,1,"[""19"",""49"",""38"",""31"",""76""]",0,0,0,0,final-best_initial_founder-G-0025CFC9EF2E-final-b06-F068-aggregate,10,10,10,119610.0,23403.0,0.0,503935.0,"[""19"",""49"",""24"",""34"",""76""]",0,0.8,4,1,"[""19"",""49"",""24"",""34"",""76""]",0,0,0,0,final-diversified_vote10-DIVERSIFIED-VOTE10-final-b06-F068-aggregate,10,10,10,119538.0,22496.0,0.0,493344.0,"[""19"",""49"",""35"",""31"",""71""]",0,0.4,2,1,"[""19"",""49"",""35"",""31"",""71""]",0,0,0,0,final-evolved_champion-G-A20DBD76963B-final-b06-F068-aggregate,7,7,10,136483.0,21597.0,0.0,499132.0,"[""19"",""49"",""38"",""34"",""76""]",1,1.0,5,1,"[""19"",""49"",""38"",""34"",""76""]",1,0,0,0,final-generalist_vote10-GENERALIST-VOTE10-final-b06-F068-aggregate,10,10,10,119490.0,25843.0,0.0,544560.0
F069,final-b06,GROWBLOCK,hard,"[""-22"",""-24"",""-26"",""-23"",""-25""]","[""-22"",""-24"",""-26"",""-28"",""-30""]",0,0.6,3,1,"[""-22"",""-24"",""-26"",""-28"",""-30""]",0,0,0,0,final-best_initial_founder-G-0025CFC9EF2E-final-b06-F069-aggregate,10,10,10,119610.0,23403.0,0.0,503935.0,"[""-22"",""-24"",""-26"",""-28"",""-30""]",0,0.6,3,1,"[""-22"",""-24"",""-26"",""-28"",""-30""]",0,0,0,0,final-diversified_vote10-DIVERSIFIED-VOTE10-final-b06-F069-aggregate,10,10,10,119538.0,22496.0,0.0,493344.0,"[""-22"",""-24"",""-26"",""-28"",""-30""]",0,0.6,3,1,"[""-22"",""-24"",""-26"",""-28"",""-30""]",0,0,0,0,final-evolved_champion-G-A20DBD76963B-final-b06-F069-aggregate,7,7,10,136483.0,21597.0,0.0,499132.0,"[""-22"",""-24"",""-25"",""-27"",""-29""]",0,0.4,2,1,"[""-22"",""-24"",""-25"",""-27"",""-29""]",0,0,0,0,final-generalist_vote10-GENERALIST-VOTE10-final-b06-F069-aggregate,10,10,10,119490.0,25843.0,0.0,544560.0
F070,final-b06,INTERLEAVE,hard,"[""-640"",""17"",""1280"",""26"",""-2560""]","[""-640"",""17"",""1280"",""26"",""-2560""]",1,1.0,5,1,"[""-640"",""17"",""1280"",""26"",""-2560""]",1,0,0,0,final-best_initial_founder-G-0025CFC9EF2E-final-b06-F070-aggregate,10,10,10,119610.0,23403.0,0.0,503935.0,"[""-640"",""17"",""1280"",""26"",""-2560""]",1,1.0,5,1,"[""-640"",""17"",""1280"",""26"",""-2560""]",1,0,0,0,final-diversified_vote10-DIVERSIFIED-VOTE10-final-b06-F070-aggregate,10,10,10,119538.0,22496.0,0.0,493344.0,"[""-640"",""17"",""1280"",""26"",""-2560""]",1,1.0,5,1,"[""-640"",""17"",""1280"",""26"",""-2560""]",1,0,0,0,final-evolved_champion-G-A20DBD76963B-final-b06-F070-aggregate,7,7,10,136483.0,21597.0,0.0,499132.0,"[""-640"",""17"",""1280"",""26"",""-2560""]",1,1.0,5,1,"[""-640"",""17"",""1280"",""26"",""-2560""]",1,0,0,0,final-generalist_vote10-GENERALIST-VOTE10-final-b06-F070-aggregate,10,10,10,119490.0,25843.0,0.0,544560.0
F071,final-b06,LAGPOLY,stress,"[""-32"",""-57"",""-55"",""-65"",""-31""]","[""-48"",""-38"",""-46"",""-36"",""-44""]",0,0.0,0,1,"[""-48"",""-38"",""-46"",""-36"",""-44""]",0,0,0,0,final-best_initial_founder-G-0025CFC9EF2E-final-b06-F071-aggregate,10,10,10,119610.0,23403.0,0.0,503935.0,"[""-49"",""-61"",""-58"",""-70"",""-67""]",0,0.0,0,1,"[""-49"",""-61"",""-58"",""-70"",""-67""]",0,0,0,0,final-diversified_vote10-DIVERSIFIED-VOTE10-final-b06-F071-aggregate,10,10,10,119538.0,22496.0,0.0,493344.0,"[""-50"",""-48"",""-60"",""-56"",""-70""]",0,0.0,0,1,"[""-57"",""-61"",""-64"",""-70"",""-73""]",0,1,0,0,final-evolved_champion-G-A20DBD76963B-final-b06-F071-aggregate,7,7,10,136483.0,21597.0,0.0,499132.0,"[""-51"",""-61"",""-68"",""-79"",""-87""]",0,0.0,0,1,"[""-51"",""-61"",""-68"",""-79"",""-87""]",0,0,0,0,final-generalist_vote10-GENERALIST-VOTE10-final-b06-F071-aggregate,10,10,10,119490.0,25843.0,0.0,544560.0
F072,final-b06,MODAFFINE,hard,"[""36"",""29"",""8"",""31"",""14""]","[""28"",""22"",""39"",""31"",""44""]",0,0.2,1,1,"[""28"",""22"",""39"",""31"",""44""]",0,0,0,0,final-best_initial_founder-G-0025CFC9EF2E-final-b06-F072-aggregate,10,10,10,119610.0,23403.0,0.0,503935.0,"[""28"",""18"",""47"",""12"",""66""]",0,0.0,0,1,"[""28"",""18"",""47"",""12"",""66""]",0,0,0,0,final-diversified_vote10-DIVERSIFIED-VOTE10-final-b06-F072-aggregate,10,10,10,119538.0,22496.0,0.0,493344.0,"[""30"",""18"",""27"",""17"",""34""]",0,0.0,0,1,"[""29"",""18"",""42"",""27"",""39""]",0,1,0,0,final-evolved_champion-G-A20DBD76963B-final-b06-F072-aggregate,7,7,10,136483.0,21597.0,0.0,499132.0,"[""19"",""46"",""41"",""63"",""58""]",0,0.0,0,1,"[""19"",""46"",""41"",""63"",""58""]",0,0,0,0,final-generalist_vote10-GENERALIST-VOTE10-final-b06-F072-aggregate,10,10,10,119490.0,25843.0,0.0,544560.0
F073,final-b07,POLY,very-hard,"[""-6521"",""-8920"",""-11930"",""-15647"",""-20174""]","[""-6521"",""-8920"",""-11930"",""-15647"",""-20174""]",1,1.0,5,1,"[""-6521"",""-8920"",""-11930"",""-15647"",""-20174""]",1,0,0,0,final-best_initial_founder-G-0025CFC9EF2E-final-b07-F073-aggregate,10,10,10,120390.0,31041.0,0.0,599327.0,"[""-6521"",""-8920"",""-11930"",""-15647"",""-20174""]",1,1.0,5,1,"[""-6521"",""-8920"",""-11930"",""-15647"",""-20174""]",1,0,0,0,final-diversified_vote10-DIVERSIFIED-VOTE10-final-b07-F073-aggregate,10,10,10,120318.0,30824.0,0.0,594931.0,"[""-6521"",""-8920"",""-11930"",""-15647"",""-20174""]",1,1.0,5,1,"[""-6818"",""-10108"",""-14900"",""-21587"",""-30569""]",0,1,0,1,final-evolved_champion-G-A20DBD76963B-final-b07-F073-aggregate,7,7,10,137477.0,26111.0,0.0,580400.0,"[""-6521"",""-8920"",""-11930"",""-15647"",""-20174""]",1,1.0,5,1,"[""-6521"",""-8920"",""-11930"",""-15647"",""-20174""]",1,0,0,0,final-generalist_vote10-GENERALIST-VOTE10-final-b07-F073-aggregate,10,10,10,120270.0,29732.0,0.0,575801.0
F074,final-b07,AFFINE,hard,"[""42324"",""-84652"",""169300"",""-338604"",""677204""]","[""42324"",""-84652"",""169300"",""-338604"",""677204""]",1,1.0,5,1,"[""42324"",""-84652"",""169300"",""-338604"",""677204""]",1,0,0,0,final-best_initial_founder-G-0025CFC9EF2E-final-b07-F074-aggregate,10,10,10,120390.0,31041.0,0.0,599327.0,"[""42324"",""-84652"",""169300"",""-338604"",""677204""]",1,1.0,5,1,"[""42324"",""-84652"",""169300"",""-338604"",""677204""]",1,0,0,0,final-diversified_vote10-DIVERSIFIED-VOTE10-final-b07-F074-aggregate,10,10,10,120318.0,30824.0,0.0,594931.0,"[""42324"",""-84652"",""169300"",""-338604"",""677204""]",1,1.0,5,1,"[""42324"",""-84652"",""169300"",""-338604"",""677204""]",1,0,0,0,final-evolved_champion-G-A20DBD76963B-final-b07-F074-aggregate,7,7,10,137477.0,26111.0,0.0,580400.0,"[""42324"",""-84652"",""169300"",""-338604"",""677204""]",1,1.0,5,1,"[""42324"",""-84652"",""169300"",""-338604"",""677204""]",1,0,0,0,final-generalist_vote10-GENERALIST-VOTE10-final-b07-F074-aggregate,10,10,10,120270.0,29732.0,0.0,575801.0
F075,final-b07,LIN2,stress,"[""12507246"",""-34170422"",""93355344"",""-255051538"",""696813770""]","[""-5026969"",""15080905"",""-45242710"",""135728118"",""-407184349""]",0,0.0,0,1,"[""-5026969"",""15080905"",""-45242710"",""135728118"",""-407184349""]",0,0,0,0,final-best_initial_founder-G-0025CFC9EF2E-final-b07-F075-aggregate,10,10,10,120390.0,31041.0,0.0,599327.0,"[""12507252"",""-34170440"",""93355384"",""-255051648"",""696814064""]",0,0.0,0,1,"[""12507252"",""-34170440"",""93355384"",""-255051648"",""696814064""]",0,0,0,0,final-diversified_vote10-DIVERSIFIED-VOTE10-final-b07-F075-aggregate,10,10,10,120318.0,30824.0,0.0,594931.0,"[""-5026969"",""15080895"",""-45242680"",""135728025"",""-407184034""]",0,0.0,0,1,"[""-5026969"",""15080895"",""-45242680"",""135728025"",""-407184034""]",0,0,0,0,final-evolved_champion-G-A20DBD76963B-final-b07-F075-aggregate,7,7,10,137477.0,26111.0,0.0,580400.0,"[""12507504"",""-34131704"",""93215136"",""-254510528"",""694773888""]",0,0.0,0,1,"[""12507504"",""-34131704"",""93215136"",""-254510528"",""694773888""]",0,0,0,0,final-generalist_vote10-GENERALIST-VOTE10-final-b07-F075-aggregate,10,10,10,120270.0,29732.0,0.0,575801.0
F076,final-b07,AFFINE,stress,"[""-18947916"",""-56843746"",""-170531243"",""-511593723"",""-1534781167""]","[""-18947927"",""-56843775"",""-170531323"",""-511593974"",""-1534781916""]",0,0.0,0,1,"[""-18947927"",""-56843775"",""-170531323"",""-511593974"",""-1534781916""]",0,0,0,0,final-best_initial_founder-G-0025CFC9EF2E-final-b07-F076-aggregate,10,10,10,120390.0,31041.0,0.0,599327.0,"[""-18947927"",""-56843775"",""-170531323"",""-511593974"",""-1534781916""]",0,0.0,0,1,"[""-18947927"",""-56843775"",""-170531323"",""-511593974"",""-1534781916""]",0,0,0,0,final-diversified_vote10-DIVERSIFIED-VOTE10-final-b07-F076-aggregate,10,10,10,120318.0,30824.0,0.0,594931.0,"[""-18947927"",""-56843775"",""-170531323"",""-511593974"",""-1534781916""]",0,0.0,0,1,"[""-18947927"",""-56843775"",""-170531323"",""-511593974"",""-1534781916""]",0,0,0,0,final-evolved_champion-G-A20DBD76963B-final-b07-F076-aggregate,7,7,10,137477.0,26111.0,0.0,580400.0,"[""-18947927"",""-56843775"",""-170531323"",""-511593974"",""-1534781916""]",0,0.0,0,1,"[""-18947927"",""-56843775"",""-170531323"",""-511593974"",""-1534781916""]",0,0,0,0,final-generalist_vote10-GENERALIST-VOTE10-final-b07-F076-aggregate,10,10,10,120270.0,29732.0,0.0,575801.0
F077,final-b07,AFFINE,very-hard,"[""-2435448"",""-4870889"",""-14612664"",""-29225321"",""-87675960""]","[""-2435448"",""-4870889"",""-14612664"",""-29225321"",""-87675960""]",1,1.0,5,1,"[""-2435448"",""-4870889"",""-14612664"",""-29225321"",""-87675960""]",1,0,0,0,final-best_initial_founder-G-0025CFC9EF2E-final-b07-F077-aggregate,10,10,10,120390.0,31041.0,0.0,599327.0,"[""-2435448"",""-4870889"",""-14612664"",""-29225321"",""-87675960""]",1,1.0,5,1,"[""-2435448"",""-4870889"",""-14612664"",""-29225321"",""-87675960""]",1,0,0,0,final-diversified_vote10-DIVERSIFIED-VOTE10-final-b07-F077-aggregate,10,10,10,120318.0,30824.0,0.0,594931.0,"[""-2435448"",""-4870889"",""-14612664"",""-29225321"",""-87675960""]",1,1.0,5,1,"[""-2435448"",""-4870889"",""-14612664"",""-29225321"",""-87675960""]",1,0,0,0,final-evolved_champion-G-A20DBD76963B-final-b07-F077-aggregate,7,7,10,137477.0,26111.0,0.0,580400.0,"[""-2435448"",""-4870889"",""-14612664"",""-29225321"",""-87675960""]",1,1.0,5,1,"[""-2435448"",""-4870889"",""-14612664"",""-29225321"",""-87675960""]",1,0,0,0,final-generalist_vote10-GENERALIST-VOTE10-final-b07-F077-aggregate,10,10,10,120270.0,29732.0,0.0,575801.0
F078,final-b07,PDELTA,stress,"[""-63"",""-52"",""-58"",""-88"",""-114""]","[""-58"",""-57"",""-105"",""-111"",""-237""]",0,0.0,0,1,"[""-58"",""-57"",""-105"",""-111"",""-237""]",0,0,0,0,final-best_initial_founder-G-0025CFC9EF2E-final-b07-F078-aggregate,10,10,10,120390.0,31041.0,0.0,599327.0,"[""-43"",""-47"",""-55"",""-66"",""-80""]",0,0.0,0,1,"[""-43"",""-47"",""-55"",""-66"",""-80""]",0,0,0,0,final-diversified_vote10-DIVERSIFIED-VOTE10-final-b07-F078-aggregate,10,10,10,120318.0,30824.0,0.0,594931.0,"[""-54"",""-66"",""-75"",""-89"",""-96""]",0,0.0,0,1,"[""-54"",""-66"",""-75"",""-89"",""-96""]",0,0,0,0,final-evolved_champion-G-A20DBD76963B-final-b07-F078-aggregate,7,7,10,137477.0,26111.0,0.0,580400.0,"[""-39"",""-56"",""-49"",""-72"",""-91""]",0,0.0,0,1,"[""-39"",""-56"",""-49"",""-72"",""-91""]",0,0,0,0,final-generalist_vote10-GENERALIST-VOTE10-final-b07-F078-aggregate,10,10,10,120270.0,29732.0,0.0,575801.0
F079,final-b07,LIN2,hard,"[""781"",""-691"",""-179"",""1741"",""-3123""]","[""781"",""-691"",""-179"",""1741"",""-3123""]",1,1.0,5,1,"[""781"",""-691"",""-179"",""1741"",""-3123""]",1,0,0,0,final-best_initial_founder-G-0025CFC9EF2E-final-b07-F079-aggregate,10,10,10,120390.0,31041.0,0.0,599327.0,"[""-363"",""-731"",""-1467"",""-2939"",""-5883""]",0,0.0,0,1,"[""-363"",""-731"",""-1467"",""-2939"",""-5883""]",0,0,0,0,final-diversified_vote10-DIVERSIFIED-VOTE10-final-b07-F079-aggregate,10,10,10,120318.0,30824.0,0.0,594931.0,"[""-267"",""-1147"",""-363"",""-2299"",""-491""]",0,0.0,0,1,"[""-267"",""-1147"",""-363"",""-2299"",""-491""]",0,0,0,0,final-evolved_champion-G-A20DBD76963B-final-b07-F079-aggregate,7,7,10,137477.0,26111.0,0.0,580400.0,"[""-279"",""-555"",""-1107"",""-2211"",""-4419""]",0,0.0,0,1,"[""-279"",""-555"",""-1107"",""-2211"",""-4419""]",0,0,0,0,final-generalist_vote10-GENERALIST-VOTE10-final-b07-F079-aggregate,10,10,10,120270.0,29732.0,0.0,575801.0
F080,final-b07,POLY,stress,"[""-4640"",""-8104"",""-13150"",""-20236"",""-29898""]","[""-3764"",""-6032"",""-9496"",""-14542"",""-21628""]",0,0.0,0,1,"[""-3764"",""-6032"",""-9496"",""-14542"",""-21628""]",0,0,0,0,final-best_initial_founder-G-0025CFC9EF2E-final-b07-F080-aggregate,10,10,10,120390.0,31041.0,0.0,599327.0,"[""-3764"",""-6032"",""-9496"",""-14542"",""-21628""]",0,0.0,0,1,"[""-3764"",""-6032"",""-9496"",""-14542"",""-21628""]",0,0,0,0,final-diversified_vote10-DIVERSIFIED-VOTE10-final-b07-F080-aggregate,10,10,10,120318.0,30824.0,0.0,594931.0,"[""-4634"",""-8074"",""-13060"",""-20026"",""-29478""]",0,0.0,0,1,"[""-4634"",""-8074"",""-13060"",""-20026"",""-29478""]",0,0,0,0,final-evolved_champion-G-A20DBD76963B-final-b07-F080-aggregate,7,7,10,137477.0,26111.0,0.0,580400.0,"[""-3510"",""-5156"",""-7498"",""-10772"",""-15268""]",0,0.0,0,1,"[""-3510"",""-5156"",""-7498"",""-10772"",""-15268""]",0,0,0,0,final-generalist_vote10-GENERALIST-VOTE10-final-b07-F080-aggregate,10,10,10,120270.0,29732.0,0.0,575801.0
F081,final-b07,POLY,hard,"[""-591"",""-799"",""-1050"",""-1348"",""-1697""]","[""-591"",""-799"",""-1050"",""-1348"",""-1697""]",1,1.0,5,1,"[""-591"",""-799"",""-1050"",""-1348"",""-1697""]",1,0,0,0,final-best_initial_founder-G-0025CFC9EF2E-final-b07-F081-aggregate,10,10,10,120390.0,31041.0,0.0,599327.0,"[""-591"",""-799"",""-1050"",""-1348"",""-1697""]",1,1.0,5,1,"[""-591"",""-799"",""-1050"",""-1348"",""-1697""]",1,0,0,0,final-diversified_vote10-DIVERSIFIED-VOTE10-final-b07-F081-aggregate,10,10,10,120318.0,30824.0,0.0,594931.0,"[""-591"",""-799"",""-1050"",""-1348"",""-1697""]",1,1.0,5,1,"[""-591"",""-799"",""-1050"",""-1348"",""-1697""]",1,0,0,0,final-evolved_champion-G-A20DBD76963B-final-b07-F081-aggregate,7,7,10,137477.0,26111.0,0.0,580400.0,"[""-591"",""-799"",""-1050"",""-1348"",""-1697""]",1,1.0,5,1,"[""-591"",""-799"",""-1050"",""-1348"",""-1697""]",1,0,0,0,final-generalist_vote10-GENERALIST-VOTE10-final-b07-F081-aggregate,10,10,10,120270.0,29732.0,0.0,575801.0
F082,final-b07,LIN2,very-hard,"[""-498"",""-803"",""-1294"",""-2091"",""-3378""]","[""-505"",""-834"",""-1371"",""-2256"",""-3715""]",0,0.0,0,1,"[""-505"",""-834"",""-1371"",""-2256"",""-3715""]",0,0,0,0,final-best_initial_founder-G-0025CFC9EF2E-final-b07-F082-aggregate,10,10,10,120390.0,31041.0,0.0,599327.0,"[""-194"",""-311"",""-504"",""-811"",""-1302""]",0,0.0,0,1,"[""-194"",""-311"",""-504"",""-811"",""-1302""]",0,0,0,0,final-diversified_vote10-DIVERSIFIED-VOTE10-final-b07-F082-aggregate,10,10,10,120318.0,30824.0,0.0,594931.0,"[""-194"",""-311"",""-512"",""-837"",""-1378""]",0,0.0,0,1,"[""-505"",""-870"",""-1375"",""-2162"",""-3383""]",0,1,0,0,final-evolved_champion-G-A20DBD76963B-final-b07-F082-aggregate,7,7,10,137477.0,26111.0,0.0,580400.0,"[""-505"",""-816"",""-1323"",""-2140"",""-3463""]",0,0.0,0,1,"[""-505"",""-816"",""-1323"",""-2140"",""-3463""]",0,0,0,0,final-generalist_vote10-GENERALIST-VOTE10-final-b07-F082-aggregate,10,10,10,120270.0,29732.0,0.0,575801.0
F083,final-b07,PDELTA,very-hard,"[""-13"",""-13"",""-44"",""-32"",""-33""]","[""-13"",""-13"",""-44"",""-32"",""-33""]",1,1.0,5,1,"[""-13"",""-13"",""-44"",""-32"",""-33""]",1,0,0,0,final-best_initial_founder-G-0025CFC9EF2E-final-b07-F083-aggregate,10,10,10,120390.0,31041.0,0.0,599327.0,"[""-13"",""-13"",""-44"",""-33"",""-33""]",0,0.8,4,1,"[""-13"",""-13"",""-44"",""-33"",""-33""]",0,0,0,0,final-diversified_vote10-DIVERSIFIED-VOTE10-final-b07-F083-aggregate,10,10,10,120318.0,30824.0,0.0,594931.0,"[""-13"",""-13"",""-44"",""-32"",""-33""]",1,1.0,5,1,"[""-13"",""-13"",""-44"",""-32"",""-33""]",1,0,0,0,final-evolved_champion-G-A20DBD76963B-final-b07-F083-aggregate,7,7,10,137477.0,26111.0,0.0,580400.0,"[""-13"",""-13"",""-44"",""-32"",""-33""]",1,1.0,5,1,"[""-13"",""-13"",""-44"",""-32"",""-33""]",1,0,0,0,final-generalist_vote10-GENERALIST-VOTE10-final-b07-F083-aggregate,10,10,10,120270.0,29732.0,0.0,575801.0
F084,final-b07,PDELTA,hard,"[""9"",""7"",""12"",""10"",""15""]","[""9"",""7"",""12"",""10"",""15""]",1,1.0,5,1,"[""9"",""7"",""12"",""10"",""15""]",1,0,0,0,final-best_initial_founder-G-0025CFC9EF2E-final-b07-F084-aggregate,10,10,10,120390.0,31041.0,0.0,599327.0,"[""9"",""7"",""12"",""10"",""15""]",1,1.0,5,1,"[""9"",""7"",""12"",""10"",""15""]",1,0,0,0,final-diversified_vote10-DIVERSIFIED-VOTE10-final-b07-F084-aggregate,10,10,10,120318.0,30824.0,0.0,594931.0,"[""9"",""7"",""12"",""10"",""15""]",1,1.0,5,1,"[""9"",""7"",""12"",""10"",""15""]",1,0,0,0,final-evolved_champion-G-A20DBD76963B-final-b07-F084-aggregate,7,7,10,137477.0,26111.0,0.0,580400.0,"[""9"",""7"",""12"",""10"",""15""]",1,1.0,5,1,"[""9"",""7"",""12"",""10"",""15""]",1,0,0,0,final-generalist_vote10-GENERALIST-VOTE10-final-b07-F084-aggregate,10,10,10,120270.0,29732.0,0.0,575801.0
F085,final-b08,LAGPOLY,hard,"[""17"",""-24"",""18"",""-28"",""19""]","[""17"",""-24"",""18"",""-28"",""19""]",1,1.0,5,1,"[""17"",""-24"",""18"",""-28"",""19""]",1,0,0,0,final-best_initial_founder-G-0025CFC9EF2E-final-b08-F085-aggregate,10,10,10,119300.0,26244.0,0.0,514938.0,"[""17"",""-24"",""18"",""-28"",""19""]",1,1.0,5,1,"[""17"",""-24"",""18"",""-28"",""19""]",1,0,0,0,final-diversified_vote10-DIVERSIFIED-VOTE10-final-b08-F085-aggregate,10,10,10,119228.0,26422.0,0.0,511360.0,"[""17"",""-24"",""18"",""-28"",""19""]",1,1.0,5,1,"[""17"",""-24"",""18"",""-28"",""19""]",1,0,0,0,final-evolved_champion-G-A20DBD76963B-final-b08-F085-aggregate,7,7,10,135623.0,22225.0,0.0,540895.0,"[""17"",""-24"",""18"",""-28"",""19""]",1,1.0,5,1,"[""17"",""-24"",""18"",""-28"",""19""]",1,0,0,0,final-generalist_vote10-GENERALIST-VOTE10-final-b08-F085-aggregate,10,10,10,119180.0,28268.0,0.0,545095.0
F086,final-b08,MODAFFINE,hard,"[""40"",""6"",""7"",""13"",""8""]","[""230"",""80"",""-82"",""586"",""207""]",0,0.0,0,1,"[""230"",""80"",""-82"",""586"",""207""]",0,0,0,0,final-best_initial_founder-G-0025CFC9EF2E-final-b08-F086-aggregate,10,10,10,119300.0,26244.0,0.0,514938.0,"[""40"",""6"",""7"",""13"",""8""]",1,1.0,5,1,"[""40"",""6"",""7"",""13"",""8""]",1,0,0,0,final-diversified_vote10-DIVERSIFIED-VOTE10-final-b08-F086-aggregate,10,10,10,119228.0,26422.0,0.0,511360.0,"[""42"",""6"",""47"",""8"",""52""]",0,0.2,1,1,"[""42"",""6"",""47"",""8"",""52""]",0,0,0,0,final-evolved_champion-G-A20DBD76963B-final-b08-F086-aggregate,7,7,10,135623.0,22225.0,0.0,540895.0,"[""230"",""80"",""-82"",""586"",""194""]",0,0.0,0,1,"[""230"",""80"",""-82"",""586"",""194""]",0,0,0,0,final-generalist_vote10-GENERALIST-VOTE10-final-b08-F086-aggregate,10,10,10,119180.0,28268.0,0.0,545095.0
F087,final-b08,GROWBLOCK,very-hard,"[""-2"",""-11"",""51"",""41"",""31""]","[""-2"",""-11"",""-20"",""-29"",""-38""]",0,0.4,2,1,"[""-2"",""-11"",""-20"",""-29"",""-38""]",0,0,0,0,final-best_initial_founder-G-0025CFC9EF2E-final-b08-F087-aggregate,10,10,10,119300.0,26244.0,0.0,514938.0,"[""-2"",""-12"",""-22"",""-32"",""-42""]",0,0.2,1,1,"[""-2"",""-12"",""-22"",""-32"",""-42""]",0,0,0,0,final-diversified_vote10-DIVERSIFIED-VOTE10-final-b08-F087-aggregate,10,10,10,119228.0,26422.0,0.0,511360.0,"[""69"",""59"",""49"",""39"",""29""]",0,0.0,0,1,"[""69"",""59"",""49"",""39"",""29""]",0,0,0,0,final-evolved_champion-G-A20DBD76963B-final-b08-F087-aggregate,7,7,10,135623.0,22225.0,0.0,540895.0,"[""25"",""16"",""7"",""-2"",""-11""]",0,0.0,0,1,"[""25"",""16"",""7"",""-2"",""-11""]",0,0,0,0,final-generalist_vote10-GENERALIST-VOTE10-final-b08-F087-aggregate,10,10,10,119180.0,28268.0,0.0,545095.0
F088,final-b08,GROWBLOCK,stress,"[""92"",""113"",""134"",""155"",""176""]","[""144"",""162"",""180"",""198"",""216""]",0,0.0,0,1,"[""144"",""162"",""180"",""198"",""216""]",0,0,0,0,final-best_initial_founder-G-0025CFC9EF2E-final-b08-F088-aggregate,10,10,10,119300.0,26244.0,0.0,514938.0,"[""144"",""162"",""180"",""198"",""216""]",0,0.0,0,1,"[""144"",""162"",""180"",""198"",""216""]",0,0,0,0,final-diversified_vote10-DIVERSIFIED-VOTE10-final-b08-F088-aggregate,10,10,10,119228.0,26422.0,0.0,511360.0,"[""105"",""126"",""147"",""168"",""189""]",0,0.0,0,1,"[""77"",""98"",""119"",""140"",""161""]",0,1,0,0,final-evolved_champion-G-A20DBD76963B-final-b08-F088-aggregate,7,7,10,135623.0,22225.0,0.0,540895.0,"[""92"",""113"",""134"",""155"",""176""]",1,1.0,5,1,"[""92"",""113"",""134"",""155"",""176""]",1,0,0,0,final-generalist_vote10-GENERALIST-VOTE10-final-b08-F088-aggregate,10,10,10,119180.0,28268.0,0.0,545095.0
F089,final-b08,INTERLEAVE,hard,"[""11"",""46"",""-15"",""60"",""11""]","[""11"",""46"",""11"",""60"",""11""]",0,0.8,4,1,"[""11"",""46"",""11"",""60"",""11""]",0,0,0,0,final-best_initial_founder-G-0025CFC9EF2E-final-b08-F089-aggregate,10,10,10,119300.0,26244.0,0.0,514938.0,"[""11"",""46"",""-15"",""60"",""11""]",1,1.0,5,1,"[""11"",""46"",""-15"",""60"",""11""]",1,0,0,0,final-diversified_vote10-DIVERSIFIED-VOTE10-final-b08-F089-aggregate,10,10,10,119228.0,26422.0,0.0,511360.0,"[""11"",""46"",""-15"",""60"",""11""]",1,1.0,5,1,"[""11"",""46"",""-15"",""60"",""11""]",1,0,0,0,final-evolved_champion-G-A20DBD76963B-final-b08-F089-aggregate,7,7,10,135623.0,22225.0,0.0,540895.0,"[""11"",""46"",""-15"",""60"",""11""]",1,1.0,5,1,"[""11"",""46"",""-15"",""60"",""11""]",1,0,0,0,final-generalist_vote10-GENERALIST-VOTE10-final-b08-F089-aggregate,10,10,10,119180.0,28268.0,0.0,545095.0
F090,final-b08,LAGPOLY,very-hard,"[""-42"",""-4"",""-42"",""-71"",""-15""]","[""-42"",""-4"",""-42"",""-71"",""-15""]",1,1.0,5,1,"[""-42"",""-4"",""-42"",""-71"",""-15""]",1,0,0,0,final-best_initial_founder-G-0025CFC9EF2E-final-b08-F090-aggregate,10,10,10,119300.0,26244.0,0.0,514938.0,"[""-44"",""-32"",""-25"",""-54"",""-33""]",0,0.0,0,1,"[""-44"",""-32"",""-25"",""-54"",""-33""]",0,0,0,0,final-diversified_vote10-DIVERSIFIED-VOTE10-final-b08-F090-aggregate,10,10,10,119228.0,26422.0,0.0,511360.0,"[""-42"",""-4"",""-65"",""-42"",""-15""]",0,0.6,3,1,"[""-42"",""-4"",""-65"",""-42"",""-15""]",0,0,0,0,final-evolved_champion-G-A20DBD76963B-final-b08-F090-aggregate,7,7,10,135623.0,22225.0,0.0,540895.0,"[""-27"",""-10"",""-39"",""-42"",""-4""]",0,0.0,0,1,"[""-27"",""-10"",""-39"",""-42"",""-4""]",0,0,0,0,final-generalist_vote10-GENERALIST-VOTE10-final-b08-F090-aggregate,10,10,10,119180.0,28268.0,0.0,545095.0
F091,final-b08,INTERLEAVE,very-hard,"[""15"",""40"",""-763"",""18"",""59""]","[""15"",""36"",""-763"",""18"",""49""]",0,0.6,3,1,"[""15"",""36"",""-763"",""18"",""49""]",0,0,0,0,final-best_initial_founder-G-0025CFC9EF2E-final-b08-F091-aggregate,10,10,10,119300.0,26244.0,0.0,514938.0,"[""15"",""40"",""-763"",""18"",""59""]",1,1.0,5,1,"[""15"",""40"",""-763"",""18"",""59""]",1,0,0,0,final-diversified_vote10-DIVERSIFIED-VOTE10-final-b08-F091-aggregate,10,10,10,119228.0,26422.0,0.0,511360.0,"[""15"",""40"",""-763"",""18"",""59""]",1,1.0,5,1,"[""15"",""40"",""-763"",""18"",""59""]",1,0,0,0,final-evolved_champion-G-A20DBD76963B-final-b08-F091-aggregate,7,7,10,135623.0,22225.0,0.0,540895.0,"[""-763"",""15"",""40"",""-1531"",""18""]",0,0.0,0,1,"[""-763"",""15"",""40"",""-1531"",""18""]",0,0,0,0,final-generalist_vote10-GENERALIST-VOTE10-final-b08-F091-aggregate,10,10,10,119180.0,28268.0,0.0,545095.0
F092,final-b08,INTERLEAVE,stress,"[""-27"",""31"",""92"",""-58"",""63""]","[""34"",""55"",""-31"",""46"",""96""]",0,0.0,0,1,"[""34"",""55"",""-31"",""46"",""96""]",0,0,0,0,final-best_initial_founder-G-0025CFC9EF2E-final-b08-F092-aggregate,10,10,10,119300.0,26244.0,0.0,514938.0,"[""15"",""92"",""-20"",""31"",""129""]",0,0.0,0,1,"[""15"",""92"",""-20"",""31"",""129""]",0,0,0,0,final-diversified_vote10-DIVERSIFIED-VOTE10-final-b08-F092-aggregate,10,10,10,119228.0,26422.0,0.0,511360.0,"[""31"",""92"",""-27"",""63"",""137""]",0,0.0,0,1,"[""31"",""92"",""-27"",""63"",""137""]",0,0,0,0,final-evolved_champion-G-A20DBD76963B-final-b08-F092-aggregate,7,7,10,135623.0,22225.0,0.0,540895.0,"[""31"",""92"",""-19"",""63"",""137""]",0,0.0,0,1,"[""31"",""92"",""-19"",""63"",""137""]",0,0,0,0,final-generalist_vote10-GENERALIST-VOTE10-final-b08-F092-aggregate,10,10,10,119180.0,28268.0,0.0,545095.0
F093,final-b08,GROWBLOCK,hard,"[""33"",""38"",""21"",""26"",""31""]","[""33"",""21"",""26"",""31"",""36""]",0,0.2,1,1,"[""33"",""21"",""26"",""31"",""36""]",0,0,0,0,final-best_initial_founder-G-0025CFC9EF2E-final-b08-F093-aggregate,10,10,10,119300.0,26244.0,0.0,514938.0,"[""33"",""38"",""43"",""48"",""53""]",0,0.4,2,1,"[""33"",""38"",""43"",""48"",""53""]",0,0,0,0,final-diversified_vote10-DIVERSIFIED-VOTE10-final-b08-F093-aggregate,10,10,10,119228.0,26422.0,0.0,511360.0,"[""33"",""38"",""43"",""48"",""53""]",0,0.4,2,1,"[""33"",""38"",""43"",""48"",""53""]",0,0,0,0,final-evolved_champion-G-A20DBD76963B-final-b08-F093-aggregate,7,7,10,135623.0,22225.0,0.0,540895.0,"[""33"",""38"",""21"",""26"",""31""]",1,1.0,5,1,"[""33"",""38"",""21"",""26"",""31""]",1,0,0,0,final-generalist_vote10-GENERALIST-VOTE10-final-b08-F093-aggregate,10,10,10,119180.0,28268.0,0.0,545095.0
F094,final-b08,MODAFFINE,stress,"[""21"",""28"",""47"",""0"",""37""]","[""64"",""61"",""65"",""68"",""78""]",0,0.0,0,1,"[""64"",""61"",""65"",""68"",""78""]",0,0,0,0,final-best_initial_founder-G-0025CFC9EF2E-final-b08-F094-aggregate,10,10,10,119300.0,26244.0,0.0,514938.0,"[""45"",""80"",""62"",""87"",""68""]",0,0.0,0,1,"[""45"",""80"",""62"",""87"",""68""]",0,0,0,0,final-diversified_vote10-DIVERSIFIED-VOTE10-final-b08-F094-aggregate,10,10,10,119228.0,26422.0,0.0,511360.0,"[""63"",""80"",""97"",""114"",""131""]",0,0.0,0,1,"[""63"",""80"",""97"",""114"",""131""]",0,0,0,0,final-evolved_champion-G-A20DBD76963B-final-b08-F094-aggregate,7,7,10,135623.0,22225.0,0.0,540895.0,"[""22"",""-140"",""-12"",""215"",""130""]",0,0.0,0,1,"[""22"",""-140"",""-12"",""215"",""130""]",0,0,0,0,final-generalist_vote10-GENERALIST-VOTE10-final-b08-F094-aggregate,10,10,10,119180.0,28268.0,0.0,545095.0
F095,final-b08,MODAFFINE,very-hard,"[""57"",""16"",""48"",""50"",""60""]","[""87"",""18"",""91"",""29"",""110""]",0,0.0,0,1,"[""87"",""18"",""91"",""29"",""110""]",0,0,0,0,final-best_initial_founder-G-0025CFC9EF2E-final-b08-F095-aggregate,10,10,10,119300.0,26244.0,0.0,514938.0,"[""-13"",""91"",""131"",""-31"",""136""]",0,0.0,0,1,"[""-13"",""91"",""131"",""-31"",""136""]",0,0,0,0,final-diversified_vote10-DIVERSIFIED-VOTE10-final-b08-F095-aggregate,10,10,10,119228.0,26422.0,0.0,511360.0,"[""84"",""99"",""116"",""135"",""156""]",0,0.0,0,1,"[""84"",""99"",""116"",""135"",""156""]",0,0,0,0,final-evolved_champion-G-A20DBD76963B-final-b08-F095-aggregate,7,7,10,135623.0,22225.0,0.0,540895.0,"[""-1"",""52"",""70"",""2"",""-18""]",0,0.0,0,1,"[""-1"",""52"",""70"",""2"",""-18""]",0,0,0,0,final-generalist_vote10-GENERALIST-VOTE10-final-b08-F095-aggregate,10,10,10,119180.0,28268.0,0.0,545095.0
F096,final-b08,LAGPOLY,stress,"[""107"",""53"",""-67"",""162"",""85""]","[""29"",""-28"",""100"",""51"",""-61""]",0,0.0,0,1,"[""29"",""-28"",""100"",""51"",""-61""]",0,0,0,0,final-best_initial_founder-G-0025CFC9EF2E-final-b08-F096-aggregate,10,10,10,119300.0,26244.0,0.0,514938.0,"[""53"",""-67"",""107"",""85"",""-123""]",0,0.0,0,1,"[""53"",""-67"",""107"",""85"",""-123""]",0,0,0,0,final-diversified_vote10-DIVERSIFIED-VOTE10-final-b08-F096-aggregate,10,10,10,119228.0,26422.0,0.0,511360.0,"[""-67"",""107"",""53"",""-123"",""159""]",0,0.0,0,1,"[""-67"",""107"",""53"",""-123"",""159""]",0,0,0,0,final-evolved_champion-G-A20DBD76963B-final-b08-F096-aggregate,7,7,10,135623.0,22225.0,0.0,540895.0,"[""-67"",""107"",""53"",""-67"",""162""]",0,0.0,0,1,"[""-67"",""107"",""53"",""-67"",""162""]",0,0,0,0,final-generalist_vote10-GENERALIST-VOTE10-final-b08-F096-aggregate,10,10,10,119180.0,28268.0,0.0,545095.0
