case_id,block,family,tier,truth,G-0025CFC9EF2E.prediction,G-0025CFC9EF2E.exact,G-0025CFC9EF2E.term_accuracy,G-0025CFC9EF2E.term_correct,G-0025CFC9EF2E.format_compliant,G-0025CFC9EF2E.proposal_plurality,G-0025CFC9EF2E.proposal_plurality_exact,G-0025CFC9EF2E.override,G-0025CFC9EF2E.harmful_override,G-0025CFC9EF2E.useful_override,G-0025CFC9EF2E.terminal_job_id,G-0025CFC9EF2E.completed_proposals,G-0025CFC9EF2E.valid_proposals,G-0025CFC9EF2E.calls,G-0025CFC9EF2E.input_tokens,G-0025CFC9EF2E.output_tokens,G-0025CFC9EF2E.cost_usd,G-0025CFC9EF2E.latency_ms,G-1EB09860ED89.prediction,G-1EB09860ED89.exact,G-1EB09860ED89.term_accuracy,G-1EB09860ED89.term_correct,G-1EB09860ED89.format_compliant,G-1EB09860ED89.proposal_plurality,G-1EB09860ED89.proposal_plurality_exact,G-1EB09860ED89.override,G-1EB09860ED89.harmful_override,G-1EB09860ED89.useful_override,G-1EB09860ED89.terminal_job_id,G-1EB09860ED89.completed_proposals,G-1EB09860ED89.valid_proposals,G-1EB09860ED89.calls,G-1EB09860ED89.input_tokens,G-1EB09860ED89.output_tokens,G-1EB09860ED89.cost_usd,G-1EB09860ED89.latency_ms,G-2B08D2BA7D25.prediction,G-2B08D2BA7D25.exact,G-2B08D2BA7D25.term_accuracy,G-2B08D2BA7D25.term_correct,G-2B08D2BA7D25.format_compliant,G-2B08D2BA7D25.proposal_plurality,G-2B08D2BA7D25.proposal_plurality_exact,G-2B08D2BA7D25.override,G-2B08D2BA7D25.harmful_override,G-2B08D2BA7D25.useful_override,G-2B08D2BA7D25.terminal_job_id,G-2B08D2BA7D25.completed_proposals,G-2B08D2BA7D25.valid_proposals,G-2B08D2BA7D25.calls,G-2B08D2BA7D25.input_tokens,G-2B08D2BA7D25.output_tokens,G-2B08D2BA7D25.cost_usd,G-2B08D2BA7D25.latency_ms,G-2D699BBC271A.prediction,G-2D699BBC271A.exact,G-2D699BBC271A.term_accuracy,G-2D699BBC271A.term_correct,G-2D699BBC271A.format_compliant,G-2D699BBC271A.proposal_plurality,G-2D699BBC271A.proposal_plurality_exact,G-2D699BBC271A.override,G-2D699BBC271A.harmful_override,G-2D699BBC271A.useful_override,G-2D699BBC271A.terminal_job_id,G-2D699BBC271A.completed_proposals,G-2D699BBC271A.valid_proposals,G-2D699BBC271A.calls,G-2D699BBC271A.input_tokens,G-2D699BBC271A.output_tokens,G-2D699BBC271A.cost_usd,G-2D699BBC271A.latency_ms,G-347400D8BFC6.prediction,G-347400D8BFC6.exact,G-347400D8BFC6.term_accuracy,G-347400D8BFC6.term_correct,G-347400D8BFC6.format_compliant,G-347400D8BFC6.proposal_plurality,G-347400D8BFC6.proposal_plurality_exact,G-347400D8BFC6.override,G-347400D8BFC6.harmful_override,G-347400D8BFC6.useful_override,G-347400D8BFC6.terminal_job_id,G-347400D8BFC6.completed_proposals,G-347400D8BFC6.valid_proposals,G-347400D8BFC6.calls,G-347400D8BFC6.input_tokens,G-347400D8BFC6.output_tokens,G-347400D8BFC6.cost_usd,G-347400D8BFC6.latency_ms,G-69EC56E447B2.prediction,G-69EC56E447B2.exact,G-69EC56E447B2.term_accuracy,G-69EC56E447B2.term_correct,G-69EC56E447B2.format_compliant,G-69EC56E447B2.proposal_plurality,G-69EC56E447B2.proposal_plurality_exact,G-69EC56E447B2.override,G-69EC56E447B2.harmful_override,G-69EC56E447B2.useful_override,G-69EC56E447B2.terminal_job_id,G-69EC56E447B2.completed_proposals,G-69EC56E447B2.valid_proposals,G-69EC56E447B2.calls,G-69EC56E447B2.input_tokens,G-69EC56E447B2.output_tokens,G-69EC56E447B2.cost_usd,G-69EC56E447B2.latency_ms,G-A246735BF9C3.prediction,G-A246735BF9C3.exact,G-A246735BF9C3.term_accuracy,G-A246735BF9C3.term_correct,G-A246735BF9C3.format_compliant,G-A246735BF9C3.proposal_plurality,G-A246735BF9C3.proposal_plurality_exact,G-A246735BF9C3.override,G-A246735BF9C3.harmful_override,G-A246735BF9C3.useful_override,G-A246735BF9C3.terminal_job_id,G-A246735BF9C3.completed_proposals,G-A246735BF9C3.valid_proposals,G-A246735BF9C3.calls,G-A246735BF9C3.input_tokens,G-A246735BF9C3.output_tokens,G-A246735BF9C3.cost_usd,G-A246735BF9C3.latency_ms,G-A5C4CF71B956.prediction,G-A5C4CF71B956.exact,G-A5C4CF71B956.term_accuracy,G-A5C4CF71B956.term_correct,G-A5C4CF71B956.format_compliant,G-A5C4CF71B956.proposal_plurality,G-A5C4CF71B956.proposal_plurality_exact,G-A5C4CF71B956.override,G-A5C4CF71B956.harmful_override,G-A5C4CF71B956.useful_override,G-A5C4CF71B956.terminal_job_id,G-A5C4CF71B956.completed_proposals,G-A5C4CF71B956.valid_proposals,G-A5C4CF71B956.calls,G-A5C4CF71B956.input_tokens,G-A5C4CF71B956.output_tokens,G-A5C4CF71B956.cost_usd,G-A5C4CF71B956.latency_ms,G-AA614F215F9C.prediction,G-AA614F215F9C.exact,G-AA614F215F9C.term_accuracy,G-AA614F215F9C.term_correct,G-AA614F215F9C.format_compliant,G-AA614F215F9C.proposal_plurality,G-AA614F215F9C.proposal_plurality_exact,G-AA614F215F9C.override,G-AA614F215F9C.harmful_override,G-AA614F215F9C.useful_override,G-AA614F215F9C.terminal_job_id,G-AA614F215F9C.completed_proposals,G-AA614F215F9C.valid_proposals,G-AA614F215F9C.calls,G-AA614F215F9C.input_tokens,G-AA614F215F9C.output_tokens,G-AA614F215F9C.cost_usd,G-AA614F215F9C.latency_ms,G-BF0AD01E8A72.prediction,G-BF0AD01E8A72.exact,G-BF0AD01E8A72.term_accuracy,G-BF0AD01E8A72.term_correct,G-BF0AD01E8A72.format_compliant,G-BF0AD01E8A72.proposal_plurality,G-BF0AD01E8A72.proposal_plurality_exact,G-BF0AD01E8A72.override,G-BF0AD01E8A72.harmful_override,G-BF0AD01E8A72.useful_override,G-BF0AD01E8A72.terminal_job_id,G-BF0AD01E8A72.completed_proposals,G-BF0AD01E8A72.valid_proposals,G-BF0AD01E8A72.calls,G-BF0AD01E8A72.input_tokens,G-BF0AD01E8A72.output_tokens,G-BF0AD01E8A72.cost_usd,G-BF0AD01E8A72.latency_ms,G-C8D08DBE9D9D.prediction,G-C8D08DBE9D9D.exact,G-C8D08DBE9D9D.term_accuracy,G-C8D08DBE9D9D.term_correct,G-C8D08DBE9D9D.format_compliant,G-C8D08DBE9D9D.proposal_plurality,G-C8D08DBE9D9D.proposal_plurality_exact,G-C8D08DBE9D9D.override,G-C8D08DBE9D9D.harmful_override,G-C8D08DBE9D9D.useful_override,G-C8D08DBE9D9D.terminal_job_id,G-C8D08DBE9D9D.completed_proposals,G-C8D08DBE9D9D.valid_proposals,G-C8D08DBE9D9D.calls,G-C8D08DBE9D9D.input_tokens,G-C8D08DBE9D9D.output_tokens,G-C8D08DBE9D9D.cost_usd,G-C8D08DBE9D9D.latency_ms,G-F3EA0DB4CF72.prediction,G-F3EA0DB4CF72.exact,G-F3EA0DB4CF72.term_accuracy,G-F3EA0DB4CF72.term_correct,G-F3EA0DB4CF72.format_compliant,G-F3EA0DB4CF72.proposal_plurality,G-F3EA0DB4CF72.proposal_plurality_exact,G-F3EA0DB4CF72.override,G-F3EA0DB4CF72.harmful_override,G-F3EA0DB4CF72.useful_override,G-F3EA0DB4CF72.terminal_job_id,G-F3EA0DB4CF72.completed_proposals,G-F3EA0DB4CF72.valid_proposals,G-F3EA0DB4CF72.calls,G-F3EA0DB4CF72.input_tokens,G-F3EA0DB4CF72.output_tokens,G-F3EA0DB4CF72.cost_usd,G-F3EA0DB4CF72.latency_ms
S025,search-b03,LIN2,hard,"[""321"",""-319"",""-1279"",""-1919"",""-1279""]","[""321"",""-319"",""-1279"",""-1919"",""-1279""]",1,1.0,5,1,"[""321"",""-319"",""-1279"",""-1919"",""-1279""]",1,0,0,0,search-round-02-G-0025CFC9EF2E-search-b03-S025-aggregate,10,10,10,120080.0,31140.0,0.0,629036.0,"[""321"",""-319"",""-1279"",""-1919"",""-1279""]",1,1.0,5,1,"[""321"",""-319"",""-1279"",""-1919"",""-1279""]",1,0,0,0,search-round-02-G-1EB09860ED89-search-b03-S025-aggregate,9,9,10,127011.0,32105.0,0.0,661036.0,"[""-79"",""81"",""321"",""481"",""-1279""]",0,0.2,1,1,"[""-79"",""81"",""321"",""481"",""-1279""]",0,0,0,0,search-round-02-G-2B08D2BA7D25-search-b03-S025-aggregate,6,6,10,141506.0,25860.0,0.0,555165.0,"[""-1279"",""-319"",""-1279"",""-1919"",""-1279""]",0,0.8,4,1,"[""-1279"",""-319"",""-1279"",""-1919"",""-1279""]",0,0,0,0,search-round-02-G-2D699BBC271A-search-b03-S025-aggregate,7,7,10,137507.0,31313.0,0.0,691898.0,"[""321"",""-319"",""-1279"",""-1919"",""-1279""]",1,1.0,5,1,"[""321"",""-319"",""-1279"",""-1919"",""-1279""]",1,0,0,0,search-round-02-G-347400D8BFC6-search-b03-S025-aggregate,7,7,10,137472.0,31211.0,0.0,636546.0,"[""321"",""-319"",""-1279"",""-1919"",""-1279""]",1,1.0,5,1,"[""321"",""-319"",""-1279"",""-1919"",""-1279""]",1,0,0,0,search-round-02-G-69EC56E447B2-search-b03-S025-aggregate,7,7,10,137879.0,28146.0,0.0,581157.0,"[""321"",""-319"",""-1279"",""-1919"",""-1279""]",1,1.0,5,1,"[""321"",""-319"",""-1279"",""-1919"",""-1279""]",1,0,0,0,search-round-02-G-A246735BF9C3-search-b03-S025-aggregate,8,8,10,131933.0,27896.0,0.0,574787.0,"[""321"",""-319"",""-1279"",""-1919"",""-1279""]",1,1.0,5,1,"[""321"",""-319"",""-1279"",""-1919"",""-1279""]",1,0,0,0,search-round-02-G-A5C4CF71B956-search-b03-S025-aggregate,9,9,10,126843.0,31122.0,0.0,639084.0,"[""-304"",""306"",""1221"",""1831"",""-704""]",0,0.0,0,1,"[""-304"",""306"",""1221"",""1831"",""-704""]",0,0,0,0,search-round-02-G-AA614F215F9C-search-b03-S025-aggregate,6,6,10,141210.0,26915.0,0.0,548767.0,"[""321"",""-319"",""-1279"",""-1919"",""-1279""]",1,1.0,5,1,"[""321"",""-319"",""-1279"",""-1919"",""-1279""]",1,0,0,0,search-round-02-G-BF0AD01E8A72-search-b03-S025-aggregate,6,6,10,141619.0,26172.0,0.0,545410.0,"[""321"",""-319"",""-1279"",""-1919"",""-1279""]",1,1.0,5,1,"[""321"",""-319"",""-1279"",""-1919"",""5121""]",0,1,0,1,search-round-02-G-C8D08DBE9D9D-search-b03-S025-aggregate,6,6,10,141386.0,26726.0,0.0,544846.0,"[""321"",""-319"",""-1279"",""-1919"",""-1279""]",1,1.0,5,1,"[""321"",""-319"",""-1279"",""-1919"",""-1279""]",1,0,0,0,search-round-02-G-F3EA0DB4CF72-search-b03-S025-aggregate,8,8,10,131642.0,29147.0,0.0,602188.0
S026,search-b03,PDELTA,stress,"[""-61"",""-36"",""-47"",""-76"",""-86""]","[""-61"",""-36"",""-47"",""-76"",""-86""]",1,1.0,5,1,"[""-61"",""-36"",""-47"",""-76"",""-86""]",1,0,0,0,search-round-02-G-0025CFC9EF2E-search-b03-S026-aggregate,10,10,10,120080.0,31140.0,0.0,629036.0,"[""-63"",""-74"",""-43"",""-67"",""-81""]",0,0.0,0,1,"[""-63"",""-74"",""-43"",""-67"",""-81""]",0,0,0,0,search-round-02-G-1EB09860ED89-search-b03-S026-aggregate,9,9,10,127011.0,32105.0,0.0,661036.0,"[""-45"",""-57"",""-68"",""-76"",""-91""]",0,0.2,1,1,"[""-45"",""-57"",""-68"",""-76"",""-91""]",0,0,0,0,search-round-02-G-2B08D2BA7D25-search-b03-S026-aggregate,6,6,10,141506.0,25860.0,0.0,555165.0,"[""-55"",""-70"",""-84"",""-92"",""-105""]",0,0.0,0,1,"[""-55"",""-70"",""-84"",""-92"",""-105""]",0,0,0,0,search-round-02-G-2D699BBC271A-search-b03-S026-aggregate,7,7,10,137507.0,31313.0,0.0,691898.0,"[""-49"",""-57"",""-66"",""-76"",""-87""]",0,0.2,1,1,"[""-49"",""-57"",""-66"",""-76"",""-87""]",0,0,0,0,search-round-02-G-347400D8BFC6-search-b03-S026-aggregate,7,7,10,137472.0,31211.0,0.0,636546.0,"[""-61"",""-36"",""-47"",""-73"",""-83""]",0,0.6,3,1,"[""-61"",""-36"",""-47"",""-73"",""-83""]",0,0,0,0,search-round-02-G-69EC56E447B2-search-b03-S026-aggregate,7,7,10,137879.0,28146.0,0.0,581157.0,"[""-48"",""-55"",""-63"",""-72"",""-82""]",0,0.0,0,1,"[""-42"",""-49"",""-51"",""-61"",""-66""]",0,1,0,0,search-round-02-G-A246735BF9C3-search-b03-S026-aggregate,8,8,10,131933.0,27896.0,0.0,574787.0,"[""-42"",""-48"",""-55"",""-63"",""-72""]",0,0.0,0,1,"[""-82"",""-90"",""-65"",""-76"",""-105""]",0,1,0,0,search-round-02-G-A5C4CF71B956-search-b03-S026-aggregate,9,9,10,126843.0,31122.0,0.0,639084.0,"[""-43"",""-58"",""-44"",""-61"",""-82""]",0,0.0,0,1,"[""-43"",""-58"",""-44"",""-61"",""-82""]",0,0,0,0,search-round-02-G-AA614F215F9C-search-b03-S026-aggregate,6,6,10,141210.0,26915.0,0.0,548767.0,"[""-42"",""-50"",""-61"",""-70"",""-82""]",0,0.0,0,1,"[""-48"",""-59"",""-64"",""-48"",""-67""]",0,1,0,0,search-round-02-G-BF0AD01E8A72-search-b03-S026-aggregate,6,6,10,141619.0,26172.0,0.0,545410.0,"[""-61"",""-38"",""-49"",""-76"",""-103""]",0,0.4,2,1,"[""-61"",""-38"",""-49"",""-76"",""-103""]",0,0,0,0,search-round-02-G-C8D08DBE9D9D-search-b03-S026-aggregate,6,6,10,141386.0,26726.0,0.0,544846.0,"[""-61"",""-48"",""-48"",""-77"",""-85""]",0,0.2,1,1,"[""-61"",""-48"",""-48"",""-77"",""-85""]",0,0,0,0,search-round-02-G-F3EA0DB4CF72-search-b03-S026-aggregate,8,8,10,131642.0,29147.0,0.0,602188.0
S027,search-b03,LIN2,very-hard,"[""-13"",""-24"",""-35"",""-49"",""-63""]","[""-13"",""-24"",""-38"",""-52"",""-66""]",0,0.4,2,1,"[""-13"",""-24"",""-38"",""-52"",""-66""]",0,0,0,0,search-round-02-G-0025CFC9EF2E-search-b03-S027-aggregate,10,10,10,120080.0,31140.0,0.0,629036.0,"[""-13"",""-24"",""-35"",""-49"",""-63""]",1,1.0,5,1,"[""-13"",""-24"",""-35"",""-49"",""-63""]",1,0,0,0,search-round-02-G-1EB09860ED89-search-b03-S027-aggregate,9,9,10,127011.0,32105.0,0.0,661036.0,"[""-21"",""-32"",""-43"",""-57"",""-71""]",0,0.0,0,1,"[""-21"",""-32"",""-43"",""-57"",""-71""]",0,0,0,0,search-round-02-G-2B08D2BA7D25-search-b03-S027-aggregate,6,6,10,141506.0,25860.0,0.0,555165.0,"[""-13"",""-21"",""-32"",""-43"",""-57""]",0,0.2,1,1,"[""-13"",""-21"",""-32"",""-43"",""-57""]",0,0,0,0,search-round-02-G-2D699BBC271A-search-b03-S027-aggregate,7,7,10,137507.0,31313.0,0.0,691898.0,"[""-13"",""-24"",""-35"",""-49"",""-63""]",1,1.0,5,1,"[""-13"",""-24"",""-35"",""-49"",""-63""]",1,0,0,0,search-round-02-G-347400D8BFC6-search-b03-S027-aggregate,7,7,10,137472.0,31211.0,0.0,636546.0,"[""-13"",""-24"",""-38"",""-52"",""-66""]",0,0.4,2,1,"[""-13"",""-24"",""-38"",""-52"",""-66""]",0,0,0,0,search-round-02-G-69EC56E447B2-search-b03-S027-aggregate,7,7,10,137879.0,28146.0,0.0,581157.0,"[""-13"",""-24"",""-38"",""-52"",""-66""]",0,0.4,2,1,"[""-13"",""-24"",""-38"",""-52"",""-66""]",0,0,0,0,search-round-02-G-A246735BF9C3-search-b03-S027-aggregate,8,8,10,131933.0,27896.0,0.0,574787.0,"[""-13"",""-21"",""-32"",""-43"",""-57""]",0,0.2,1,1,"[""-13"",""-21"",""-32"",""-43"",""-57""]",0,0,0,0,search-round-02-G-A5C4CF71B956-search-b03-S027-aggregate,9,9,10,126843.0,31122.0,0.0,639084.0,"[""-13"",""-24"",""-35"",""-49"",""-63""]",1,1.0,5,1,"[""-13"",""-24"",""-35"",""-49"",""-63""]",1,0,0,0,search-round-02-G-AA614F215F9C-search-b03-S027-aggregate,6,6,10,141210.0,26915.0,0.0,548767.0,"[""-13"",""-24"",""-35"",""-49"",""-63""]",1,1.0,5,1,"[""-13"",""-24"",""-35"",""-49"",""-63""]",1,0,0,0,search-round-02-G-BF0AD01E8A72-search-b03-S027-aggregate,6,6,10,141619.0,26172.0,0.0,545410.0,"[""-13"",""-21"",""-32"",""-43"",""-57""]",0,0.2,1,1,"[""-13"",""-24"",""-35"",""-49"",""-63""]",1,1,1,0,search-round-02-G-C8D08DBE9D9D-search-b03-S027-aggregate,6,6,10,141386.0,26726.0,0.0,544846.0,"[""-21"",""-32"",""-43"",""-57"",""-71""]",0,0.0,0,1,"[""-21"",""-32"",""-43"",""-57"",""-71""]",0,0,0,0,search-round-02-G-F3EA0DB4CF72-search-b03-S027-aggregate,8,8,10,131642.0,29147.0,0.0,602188.0
S028,search-b03,LIN2,stress,"[""-950"",""-1534"",""-2477"",""-4005"",""-6477""]","[""-950"",""-1534"",""-2477"",""-4005"",""-6477""]",1,1.0,5,1,"[""-950"",""-1534"",""-2477"",""-4005"",""-6477""]",1,0,0,0,search-round-02-G-0025CFC9EF2E-search-b03-S028-aggregate,10,10,10,120080.0,31140.0,0.0,629036.0,"[""-950"",""-1534"",""-2477"",""-4005"",""-6477""]",1,1.0,5,1,"[""-950"",""-1534"",""-2477"",""-4005"",""-6477""]",1,0,0,0,search-round-02-G-1EB09860ED89-search-b03-S028-aggregate,9,9,10,127011.0,32105.0,0.0,661036.0,"[""-951"",""-1533"",""-2478"",""-4006"",""-6477""]",0,0.2,1,1,"[""-951"",""-1533"",""-2478"",""-4006"",""-6477""]",0,0,0,0,search-round-02-G-2B08D2BA7D25-search-b03-S028-aggregate,6,6,10,141506.0,25860.0,0.0,555165.0,"[""-956"",""-1545"",""-2501"",""-4046"",""-6547""]",0,0.0,0,1,"[""-956"",""-1545"",""-2501"",""-4046"",""-6547""]",0,0,0,0,search-round-02-G-2D699BBC271A-search-b03-S028-aggregate,7,7,10,137507.0,31313.0,0.0,691898.0,"[""-956"",""-1545"",""-2501"",""-4046"",""-6547""]",0,0.0,0,1,"[""-956"",""-1545"",""-2501"",""-4046"",""-6547""]",0,0,0,0,search-round-02-G-347400D8BFC6-search-b03-S028-aggregate,7,7,10,137472.0,31211.0,0.0,636546.0,"[""-818"",""-1185"",""-1774"",""-2592"",""-3777""]",0,0.0,0,1,"[""-818"",""-1185"",""-1774"",""-2592"",""-3777""]",0,0,0,0,search-round-02-G-69EC56E447B2-search-b03-S028-aggregate,7,7,10,137879.0,28146.0,0.0,581157.0,"[""-951"",""-1533"",""-2478"",""-4006"",""-6477""]",0,0.2,1,1,"[""-951"",""-1533"",""-2478"",""-4006"",""-6477""]",0,0,0,0,search-round-02-G-A246735BF9C3-search-b03-S028-aggregate,8,8,10,131933.0,27896.0,0.0,574787.0,"[""-949"",""-1531"",""-2473"",""-3995"",""-6460""]",0,0.0,0,1,"[""-949"",""-1531"",""-2473"",""-3995"",""-6460""]",0,0,0,0,search-round-02-G-A5C4CF71B956-search-b03-S028-aggregate,9,9,10,126843.0,31122.0,0.0,639084.0,"[""-950"",""-1534"",""-2477"",""-4005"",""-6477""]",1,1.0,5,1,"[""-947"",""-1528"",""-2465"",""-3979"",""-6418""]",0,1,0,1,search-round-02-G-AA614F215F9C-search-b03-S028-aggregate,6,6,10,141210.0,26915.0,0.0,548767.0,"[""-943"",""-1510"",""-2409"",""-3845"",""-6144""]",0,0.0,0,1,"[""-947"",""-1525"",""-2458"",""-3972"",""-6427""]",0,1,0,0,search-round-02-G-BF0AD01E8A72-search-b03-S028-aggregate,6,6,10,141619.0,26172.0,0.0,545410.0,"[""-956"",""-1545"",""-2501"",""-4046"",""-6547""]",0,0.0,0,1,"[""-955"",""-1544"",""-2500"",""-4045"",""-6545""]",0,1,0,0,search-round-02-G-C8D08DBE9D9D-search-b03-S028-aggregate,6,6,10,141386.0,26726.0,0.0,544846.0,"[""-949"",""-1531"",""-2473"",""-3997"",""-6463""]",0,0.0,0,1,"[""-949"",""-1531"",""-2473"",""-3997"",""-6463""]",0,0,0,0,search-round-02-G-F3EA0DB4CF72-search-b03-S028-aggregate,8,8,10,131642.0,29147.0,0.0,602188.0
S029,search-b03,AFFINE,hard,"[""797159"",""2391482"",""7174451"",""21523358"",""64570079""]","[""797159"",""2391482"",""7174451"",""21523358"",""64570079""]",1,1.0,5,1,"[""797159"",""2391482"",""7174451"",""21523358"",""64570079""]",1,0,0,0,search-round-02-G-0025CFC9EF2E-search-b03-S029-aggregate,10,10,10,120080.0,31140.0,0.0,629036.0,"[""797159"",""2391482"",""7174451"",""21523358"",""64570079""]",1,1.0,5,1,"[""797159"",""2391482"",""7174451"",""21523358"",""64570079""]",1,0,0,0,search-round-02-G-1EB09860ED89-search-b03-S029-aggregate,9,9,10,127011.0,32105.0,0.0,661036.0,"[""797159"",""2391482"",""7174451"",""21523358"",""64570079""]",1,1.0,5,1,"[""797159"",""2391482"",""7174451"",""21523358"",""64570079""]",1,0,0,0,search-round-02-G-2B08D2BA7D25-search-b03-S029-aggregate,6,6,10,141506.0,25860.0,0.0,555165.0,"[""797159"",""2391482"",""7174451"",""21523358"",""64570079""]",1,1.0,5,1,"[""797159"",""2391482"",""7174451"",""21523358"",""64570079""]",1,0,0,0,search-round-02-G-2D699BBC271A-search-b03-S029-aggregate,7,7,10,137507.0,31313.0,0.0,691898.0,"[""797159"",""2391482"",""7174451"",""21523358"",""64570079""]",1,1.0,5,1,"[""797159"",""2391482"",""7174451"",""21523358"",""64570079""]",1,0,0,0,search-round-02-G-347400D8BFC6-search-b03-S029-aggregate,7,7,10,137472.0,31211.0,0.0,636546.0,"[""797159"",""2391482"",""7174451"",""21523358"",""64570079""]",1,1.0,5,1,"[""797159"",""2391482"",""7174451"",""21523358"",""64570079""]",1,0,0,0,search-round-02-G-69EC56E447B2-search-b03-S029-aggregate,7,7,10,137879.0,28146.0,0.0,581157.0,"[""797159"",""2391482"",""7174451"",""21523358"",""64570079""]",1,1.0,5,1,"[""797159"",""2391482"",""7174451"",""21523358"",""64570079""]",1,0,0,0,search-round-02-G-A246735BF9C3-search-b03-S029-aggregate,8,8,10,131933.0,27896.0,0.0,574787.0,"[""797159"",""2391482"",""7174451"",""21523358"",""64570079""]",1,1.0,5,1,"[""797159"",""2391482"",""7174451"",""21523358"",""64570079""]",1,0,0,0,search-round-02-G-A5C4CF71B956-search-b03-S029-aggregate,9,9,10,126843.0,31122.0,0.0,639084.0,"[""797159"",""2391482"",""7174451"",""21523358"",""64570079""]",1,1.0,5,1,"[""797159"",""2391482"",""7174451"",""21523358"",""64570079""]",1,0,0,0,search-round-02-G-AA614F215F9C-search-b03-S029-aggregate,6,6,10,141210.0,26915.0,0.0,548767.0,"[""797159"",""2391482"",""7174451"",""21523358"",""64570079""]",1,1.0,5,1,"[""797159"",""2391482"",""7174451"",""21523358"",""64570079""]",1,0,0,0,search-round-02-G-BF0AD01E8A72-search-b03-S029-aggregate,6,6,10,141619.0,26172.0,0.0,545410.0,"[""797159"",""2391482"",""7174451"",""21523358"",""64570079""]",1,1.0,5,1,"[""797159"",""2391482"",""7174451"",""21523358"",""64570079""]",1,0,0,0,search-round-02-G-C8D08DBE9D9D-search-b03-S029-aggregate,6,6,10,141386.0,26726.0,0.0,544846.0,"[""797159"",""2391482"",""7174451"",""21523358"",""64570079""]",1,1.0,5,1,"[""797159"",""2391482"",""7174451"",""21523358"",""64570079""]",1,0,0,0,search-round-02-G-F3EA0DB4CF72-search-b03-S029-aggregate,8,8,10,131642.0,29147.0,0.0,602188.0
S030,search-b03,PDELTA,hard,"[""-55"",""-60"",""-64"",""-69"",""-73""]","[""-56"",""-60"",""-65"",""-69"",""-74""]",0,0.4,2,1,"[""-56"",""-60"",""-65"",""-69"",""-74""]",0,0,0,0,search-round-02-G-0025CFC9EF2E-search-b03-S030-aggregate,10,10,10,120080.0,31140.0,0.0,629036.0,"[""-56"",""-60"",""-65"",""-69"",""-74""]",0,0.4,2,1,"[""-56"",""-60"",""-65"",""-69"",""-74""]",0,0,0,0,search-round-02-G-1EB09860ED89-search-b03-S030-aggregate,9,9,10,127011.0,32105.0,0.0,661036.0,"[""-56"",""-60"",""-65"",""-69"",""-74""]",0,0.4,2,1,"[""-56"",""-60"",""-65"",""-69"",""-74""]",0,0,0,0,search-round-02-G-2B08D2BA7D25-search-b03-S030-aggregate,6,6,10,141506.0,25860.0,0.0,555165.0,"[""-56"",""-60"",""-65"",""-69"",""-74""]",0,0.4,2,1,"[""-56"",""-60"",""-65"",""-69"",""-74""]",0,0,0,0,search-round-02-G-2D699BBC271A-search-b03-S030-aggregate,7,7,10,137507.0,31313.0,0.0,691898.0,"[""-56"",""-60"",""-65"",""-69"",""-74""]",0,0.4,2,1,"[""-56"",""-60"",""-65"",""-69"",""-74""]",0,0,0,0,search-round-02-G-347400D8BFC6-search-b03-S030-aggregate,7,7,10,137472.0,31211.0,0.0,636546.0,"[""-56"",""-60"",""-65"",""-69"",""-74""]",0,0.4,2,1,"[""-56"",""-60"",""-65"",""-69"",""-74""]",0,0,0,0,search-round-02-G-69EC56E447B2-search-b03-S030-aggregate,7,7,10,137879.0,28146.0,0.0,581157.0,"[""-56"",""-60"",""-65"",""-69"",""-74""]",0,0.4,2,1,"[""-56"",""-60"",""-65"",""-69"",""-74""]",0,0,0,0,search-round-02-G-A246735BF9C3-search-b03-S030-aggregate,8,8,10,131933.0,27896.0,0.0,574787.0,"[""-56"",""-60"",""-65"",""-69"",""-74""]",0,0.4,2,1,"[""-56"",""-60"",""-65"",""-69"",""-74""]",0,0,0,0,search-round-02-G-A5C4CF71B956-search-b03-S030-aggregate,9,9,10,126843.0,31122.0,0.0,639084.0,"[""-56"",""-60"",""-65"",""-69"",""-74""]",0,0.4,2,1,"[""-56"",""-60"",""-65"",""-69"",""-74""]",0,0,0,0,search-round-02-G-AA614F215F9C-search-b03-S030-aggregate,6,6,10,141210.0,26915.0,0.0,548767.0,"[""-56"",""-60"",""-65"",""-69"",""-74""]",0,0.4,2,1,"[""-56"",""-60"",""-65"",""-69"",""-74""]",0,0,0,0,search-round-02-G-BF0AD01E8A72-search-b03-S030-aggregate,6,6,10,141619.0,26172.0,0.0,545410.0,"[""-56"",""-60"",""-65"",""-69"",""-74""]",0,0.4,2,1,"[""-55"",""-60"",""-64"",""-69"",""-73""]",1,1,1,0,search-round-02-G-C8D08DBE9D9D-search-b03-S030-aggregate,6,6,10,141386.0,26726.0,0.0,544846.0,"[""-56"",""-60"",""-65"",""-69"",""-74""]",0,0.4,2,1,"[""-56"",""-60"",""-65"",""-69"",""-74""]",0,0,0,0,search-round-02-G-F3EA0DB4CF72-search-b03-S030-aggregate,8,8,10,131642.0,29147.0,0.0,602188.0
S031,search-b03,POLY,stress,"[""2435"",""4568"",""7769"",""12372"",""18772""]","[""1872"",""3215"",""5348"",""8549"",""13152""]",0,0.0,0,1,"[""1872"",""3215"",""5348"",""8549"",""13152""]",0,0,0,0,search-round-02-G-0025CFC9EF2E-search-b03-S031-aggregate,10,10,10,120080.0,31140.0,0.0,629036.0,"[""1872"",""3215"",""5348"",""8549"",""13152""]",0,0.0,0,1,"[""1872"",""3215"",""5348"",""8549"",""13152""]",0,0,0,0,search-round-02-G-1EB09860ED89-search-b03-S031-aggregate,9,9,10,127011.0,32105.0,0.0,661036.0,"[""2435"",""4568"",""7769"",""12372"",""18772""]",1,1.0,5,1,"[""2435"",""4568"",""7769"",""12372"",""18772""]",1,0,0,0,search-round-02-G-2B08D2BA7D25-search-b03-S031-aggregate,6,6,10,141506.0,25860.0,0.0,555165.0,"[""1872"",""3215"",""5348"",""8549"",""13152""]",0,0.0,0,1,"[""1872"",""3215"",""5348"",""8549"",""13152""]",0,0,0,0,search-round-02-G-2D699BBC271A-search-b03-S031-aggregate,7,7,10,137507.0,31313.0,0.0,691898.0,"[""1872"",""3215"",""5348"",""8549"",""13152""]",0,0.0,0,1,"[""1872"",""3216"",""5352"",""8559"",""13172""]",0,1,0,0,search-round-02-G-347400D8BFC6-search-b03-S031-aggregate,7,7,10,137472.0,31211.0,0.0,636546.0,"[""1872"",""3215"",""5348"",""8549"",""13152""]",0,0.0,0,1,"[""1872"",""3215"",""5348"",""8549"",""13152""]",0,0,0,0,search-round-02-G-69EC56E447B2-search-b03-S031-aggregate,7,7,10,137879.0,28146.0,0.0,581157.0,"[""1872"",""3210"",""5323"",""8474"",""12977""]",0,0.0,0,1,"[""1872"",""3210"",""5323"",""8474"",""12977""]",0,0,0,0,search-round-02-G-A246735BF9C3-search-b03-S031-aggregate,8,8,10,131933.0,27896.0,0.0,574787.0,"[""1872"",""3215"",""5348"",""8549"",""13152""]",0,0.0,0,1,"[""1872"",""3215"",""5348"",""8549"",""13152""]",0,0,0,0,search-round-02-G-A5C4CF71B956-search-b03-S031-aggregate,9,9,10,126843.0,31122.0,0.0,639084.0,"[""2064"",""4042"",""7044"",""10002"",""10704""]",0,0.0,0,1,"[""-484"",""-1034"",""-1687"",""-2179"",""-2240""]",0,1,0,0,search-round-02-G-AA614F215F9C-search-b03-S031-aggregate,6,6,10,141210.0,26915.0,0.0,548767.0,"[""1872"",""3215"",""5348"",""8549"",""11750""]",0,0.0,0,1,"[""1872"",""3215"",""5348"",""8549"",""11750""]",0,0,0,0,search-round-02-G-BF0AD01E8A72-search-b03-S031-aggregate,6,6,10,141619.0,26172.0,0.0,545410.0,"[""1872"",""3215"",""5348"",""8549"",""13152""]",0,0.0,0,1,"[""1872"",""3215"",""5348"",""8549"",""13152""]",0,0,0,0,search-round-02-G-C8D08DBE9D9D-search-b03-S031-aggregate,6,6,10,141386.0,26726.0,0.0,544846.0,"[""1872"",""3215"",""5348"",""8549"",""13152""]",0,0.0,0,1,"[""1872"",""3215"",""5348"",""8549"",""13152""]",0,0,0,0,search-round-02-G-F3EA0DB4CF72-search-b03-S031-aggregate,8,8,10,131642.0,29147.0,0.0,602188.0
S032,search-b03,AFFINE,very-hard,"[""-140903"",""-281802"",""563609"",""1127222"",""-2254439""]","[""-140903"",""-281802"",""563609"",""1127222"",""-2254439""]",1,1.0,5,1,"[""-140903"",""-281802"",""563609"",""1127222"",""-2254439""]",1,0,0,0,search-round-02-G-0025CFC9EF2E-search-b03-S032-aggregate,10,10,10,120080.0,31140.0,0.0,629036.0,"[""-140903"",""281810"",""-563615"",""1127234"",""-2254464""]",0,0.2,1,1,"[""-140903"",""-281802"",""563609"",""1127222"",""-2254439""]",1,1,1,0,search-round-02-G-1EB09860ED89-search-b03-S032-aggregate,9,9,10,127011.0,32105.0,0.0,661036.0,"[""-140903"",""-281802"",""563609"",""1127222"",""-2254439""]",1,1.0,5,1,"[""-140903"",""-281802"",""563609"",""1127222"",""-2254439""]",1,0,0,0,search-round-02-G-2B08D2BA7D25-search-b03-S032-aggregate,6,6,10,141506.0,25860.0,0.0,555165.0,"[""-140903"",""-281802"",""563609"",""1127222"",""-2254439""]",1,1.0,5,1,"[""-140903"",""-281802"",""563609"",""1127222"",""-2254439""]",1,0,0,0,search-round-02-G-2D699BBC271A-search-b03-S032-aggregate,7,7,10,137507.0,31313.0,0.0,691898.0,"[""-140903"",""281810"",""-563615"",""1127234"",""-2254463""]",0,0.2,1,1,"[""-140903"",""-281802"",""563609"",""1127222"",""-2254439""]",1,1,1,0,search-round-02-G-347400D8BFC6-search-b03-S032-aggregate,7,7,10,137472.0,31211.0,0.0,636546.0,"[""-140903"",""-281802"",""563609"",""1127222"",""-2254439""]",1,1.0,5,1,"[""-140903"",""-281802"",""563609"",""1127222"",""-2254439""]",1,0,0,0,search-round-02-G-69EC56E447B2-search-b03-S032-aggregate,7,7,10,137879.0,28146.0,0.0,581157.0,"[""-140903"",""-281802"",""563609"",""1127222"",""-2254439""]",1,1.0,5,1,"[""-140903"",""-281802"",""563609"",""1127222"",""-2254439""]",1,0,0,0,search-round-02-G-A246735BF9C3-search-b03-S032-aggregate,8,8,10,131933.0,27896.0,0.0,574787.0,"[""-140903"",""-281802"",""563609"",""1127222"",""-2254439""]",1,1.0,5,1,"[""-140903"",""-281802"",""563609"",""1127222"",""-2254439""]",1,0,0,0,search-round-02-G-A5C4CF71B956-search-b03-S032-aggregate,9,9,10,126843.0,31122.0,0.0,639084.0,"[""-281802"",""-140903"",""1127222"",""563609"",""-4508874""]",0,0.0,0,1,"[""-281802"",""-140903"",""1127222"",""563609"",""-4508874""]",0,0,0,0,search-round-02-G-AA614F215F9C-search-b03-S032-aggregate,6,6,10,141210.0,26915.0,0.0,548767.0,"[""-140903"",""281810"",""-563615"",""1127234"",""-2254463""]",0,0.2,1,1,"[""-140903"",""281810"",""-563615"",""1127234"",""-2254463""]",0,0,0,0,search-round-02-G-BF0AD01E8A72-search-b03-S032-aggregate,6,6,10,141619.0,26172.0,0.0,545410.0,"[""-140903"",""-281802"",""563609"",""1127222"",""-2254439""]",1,1.0,5,1,"[""-140903"",""-281802"",""563609"",""1127222"",""-2254439""]",1,0,0,0,search-round-02-G-C8D08DBE9D9D-search-b03-S032-aggregate,6,6,10,141386.0,26726.0,0.0,544846.0,"[""-140903"",""-281802"",""563609"",""1127222"",""-2254439""]",1,1.0,5,1,"[""-140903"",""-281802"",""563609"",""1127222"",""-2254439""]",1,0,0,0,search-round-02-G-F3EA0DB4CF72-search-b03-S032-aggregate,8,8,10,131642.0,29147.0,0.0,602188.0
S033,search-b03,PDELTA,very-hard,"[""-205"",""-240"",""-273"",""-313"",""-351""]","[""-205"",""-240"",""-273"",""-313"",""-351""]",1,1.0,5,1,"[""-205"",""-240"",""-273"",""-313"",""-351""]",1,0,0,0,search-round-02-G-0025CFC9EF2E-search-b03-S033-aggregate,10,10,10,120080.0,31140.0,0.0,629036.0,"[""-205"",""-240"",""-273"",""-313"",""-351""]",1,1.0,5,1,"[""-205"",""-240"",""-273"",""-313"",""-351""]",1,0,0,0,search-round-02-G-1EB09860ED89-search-b03-S033-aggregate,9,9,10,127011.0,32105.0,0.0,661036.0,"[""-205"",""-240"",""-273"",""-313"",""-351""]",1,1.0,5,1,"[""-205"",""-240"",""-273"",""-313"",""-351""]",1,0,0,0,search-round-02-G-2B08D2BA7D25-search-b03-S033-aggregate,6,6,10,141506.0,25860.0,0.0,555165.0,"[""-205"",""-240"",""-273"",""-313"",""-351""]",1,1.0,5,1,"[""-205"",""-240"",""-273"",""-313"",""-351""]",1,0,0,0,search-round-02-G-2D699BBC271A-search-b03-S033-aggregate,7,7,10,137507.0,31313.0,0.0,691898.0,"[""-205"",""-240"",""-273"",""-313"",""-351""]",1,1.0,5,1,"[""-205"",""-240"",""-273"",""-313"",""-351""]",1,0,0,0,search-round-02-G-347400D8BFC6-search-b03-S033-aggregate,7,7,10,137472.0,31211.0,0.0,636546.0,"[""-205"",""-240"",""-273"",""-313"",""-351""]",1,1.0,5,1,"[""-205"",""-240"",""-273"",""-313"",""-351""]",1,0,0,0,search-round-02-G-69EC56E447B2-search-b03-S033-aggregate,7,7,10,137879.0,28146.0,0.0,581157.0,"[""-205"",""-240"",""-273"",""-313"",""-351""]",1,1.0,5,1,"[""-205"",""-240"",""-273"",""-313"",""-351""]",1,0,0,0,search-round-02-G-A246735BF9C3-search-b03-S033-aggregate,8,8,10,131933.0,27896.0,0.0,574787.0,"[""-205"",""-240"",""-273"",""-313"",""-351""]",1,1.0,5,1,"[""-205"",""-240"",""-273"",""-313"",""-351""]",1,0,0,0,search-round-02-G-A5C4CF71B956-search-b03-S033-aggregate,9,9,10,126843.0,31122.0,0.0,639084.0,"[""-205"",""-240"",""-273"",""-313"",""-351""]",1,1.0,5,1,"[""-205"",""-240"",""-273"",""-313"",""-351""]",1,0,0,0,search-round-02-G-AA614F215F9C-search-b03-S033-aggregate,6,6,10,141210.0,26915.0,0.0,548767.0,"[""-205"",""-240"",""-273"",""-313"",""-351""]",1,1.0,5,1,"[""-205"",""-240"",""-273"",""-313"",""-351""]",1,0,0,0,search-round-02-G-BF0AD01E8A72-search-b03-S033-aggregate,6,6,10,141619.0,26172.0,0.0,545410.0,"[""-205"",""-240"",""-273"",""-313"",""-351""]",1,1.0,5,1,"[""-205"",""-240"",""-273"",""-313"",""-351""]",1,0,0,0,search-round-02-G-C8D08DBE9D9D-search-b03-S033-aggregate,6,6,10,141386.0,26726.0,0.0,544846.0,"[""-205"",""-240"",""-273"",""-313"",""-351""]",1,1.0,5,1,"[""-205"",""-240"",""-273"",""-313"",""-351""]",1,0,0,0,search-round-02-G-F3EA0DB4CF72-search-b03-S033-aggregate,8,8,10,131642.0,29147.0,0.0,602188.0
S034,search-b03,AFFINE,stress,"[""99759069"",""299277205"",""-897831611"",""-2693494827"",""-8080484483""]","[""99759063"",""299277187"",""-897831557"",""-2693494671"",""-8080484015""]",0,0.0,0,1,"[""99759063"",""299277187"",""-897831557"",""-2693494671"",""-8080484015""]",0,0,0,0,search-round-02-G-0025CFC9EF2E-search-b03-S034-aggregate,10,10,10,120080.0,31140.0,0.0,629036.0,"[""-99759059"",""-299277171"",""-897831515"",""2693494549"",""8080483653""]",0,0.0,0,1,"[""-99759059"",""-299277171"",""-897831515"",""2693494549"",""8080483653""]",0,0,0,0,search-round-02-G-1EB09860ED89-search-b03-S034-aggregate,9,9,10,127011.0,32105.0,0.0,661036.0,"[""99759069"",""299277205"",""-897831611"",""-2693494827"",""-8080484483""]",1,1.0,5,1,"[""-99759059"",""-299277171"",""-897831515"",""2693494549"",""8080483653""]",0,1,0,1,search-round-02-G-2B08D2BA7D25-search-b03-S034-aggregate,6,6,10,141506.0,25860.0,0.0,555165.0,"[""99759069"",""299277205"",""-897831611"",""-2693494827"",""-8080484483""]",1,1.0,5,1,"[""99759069"",""299277205"",""-897831611"",""-2693494827"",""-8080484483""]",1,0,0,0,search-round-02-G-2D699BBC271A-search-b03-S034-aggregate,7,7,10,137507.0,31313.0,0.0,691898.0,"[""-99759059"",""-299277171"",""897831517"",""2693494557"",""-8080483667""]",0,0.0,0,1,"[""-99759059"",""-299277171"",""897831517"",""2693494557"",""-8080483667""]",0,0,0,0,search-round-02-G-347400D8BFC6-search-b03-S034-aggregate,7,7,10,137472.0,31211.0,0.0,636546.0,"[""-99759059"",""-299277171"",""-897831515"",""2693494549"",""8080483653""]",0,0.0,0,1,"[""-99759059"",""-299277171"",""-897831515"",""2693494549"",""8080483653""]",0,0,0,0,search-round-02-G-69EC56E447B2-search-b03-S034-aggregate,7,7,10,137879.0,28146.0,0.0,581157.0,"[""99759069"",""299277205"",""-897831611"",""-2693494827"",""-8080484483""]",1,1.0,5,1,"[""99759069"",""299277205"",""-897831611"",""-2693494827"",""-8080484483""]",1,0,0,0,search-round-02-G-A246735BF9C3-search-b03-S034-aggregate,8,8,10,131933.0,27896.0,0.0,574787.0,"[""99759069"",""299277205"",""-897831611"",""-2693494827"",""-8080484483""]",1,1.0,5,1,"[""99759069"",""299277205"",""-897831611"",""-2693494827"",""-8080484483""]",1,0,0,0,search-round-02-G-A5C4CF71B956-search-b03-S034-aggregate,9,9,10,126843.0,31122.0,0.0,639084.0,"[""99759069"",""299277205"",""-897831611"",""-2693494827"",""-8080484483""]",1,1.0,5,1,"[""99759069"",""299277205"",""-897831611"",""-2693494827"",""-8080484483""]",1,0,0,0,search-round-02-G-AA614F215F9C-search-b03-S034-aggregate,6,6,10,141210.0,26915.0,0.0,548767.0,"[""99759069"",""299277205"",""-897831611"",""-2693494827"",""8080484485""]",0,0.8,4,1,"[""99759069"",""299277205"",""-897831611"",""-2693494827"",""8080484485""]",0,0,0,0,search-round-02-G-BF0AD01E8A72-search-b03-S034-aggregate,6,6,10,141619.0,26172.0,0.0,545410.0,"[""99759069"",""299277205"",""-897831611"",""-2693494827"",""-8080484483""]",1,1.0,5,1,"[""99759069"",""299277205"",""-897831611"",""-2693494827"",""-8080484483""]",1,0,0,0,search-round-02-G-C8D08DBE9D9D-search-b03-S034-aggregate,6,6,10,141386.0,26726.0,0.0,544846.0,"[""99759069"",""299277205"",""-897831611"",""-2693494827"",""-8080484483""]",1,1.0,5,1,"[""-99759059"",""-299277171"",""-897831515"",""2693494549"",""8080483653""]",0,1,0,1,search-round-02-G-F3EA0DB4CF72-search-b03-S034-aggregate,8,8,10,131642.0,29147.0,0.0,602188.0
S035,search-b03,POLY,very-hard,"[""1112"",""1814"",""2759"",""3994"",""5570""]","[""1112"",""1814"",""2759"",""3994"",""5570""]",1,1.0,5,1,"[""1112"",""1814"",""2759"",""3994"",""5570""]",1,0,0,0,search-round-02-G-0025CFC9EF2E-search-b03-S035-aggregate,10,10,10,120080.0,31140.0,0.0,629036.0,"[""1112"",""1814"",""2759"",""3994"",""5570""]",1,1.0,5,1,"[""1112"",""1814"",""2759"",""3994"",""5570""]",1,0,0,0,search-round-02-G-1EB09860ED89-search-b03-S035-aggregate,9,9,10,127011.0,32105.0,0.0,661036.0,"[""1112"",""1814"",""2759"",""3994"",""5570""]",1,1.0,5,1,"[""1112"",""1814"",""2759"",""3994"",""5570""]",1,0,0,0,search-round-02-G-2B08D2BA7D25-search-b03-S035-aggregate,6,6,10,141506.0,25860.0,0.0,555165.0,"[""1081"",""1721"",""2573"",""3684"",""5105""]",0,0.0,0,1,"[""1081"",""1721"",""2573"",""3684"",""5105""]",0,0,0,0,search-round-02-G-2D699BBC271A-search-b03-S035-aggregate,7,7,10,137507.0,31313.0,0.0,691898.0,"[""1112"",""1814"",""2759"",""3994"",""5570""]",1,1.0,5,1,"[""1112"",""1814"",""2759"",""3994"",""5570""]",1,0,0,0,search-round-02-G-347400D8BFC6-search-b03-S035-aggregate,7,7,10,137472.0,31211.0,0.0,636546.0,"[""1112"",""1814"",""2759"",""3994"",""5570""]",1,1.0,5,1,"[""1112"",""1814"",""2759"",""3994"",""5570""]",1,0,0,0,search-round-02-G-69EC56E447B2-search-b03-S035-aggregate,7,7,10,137879.0,28146.0,0.0,581157.0,"[""1112"",""1814"",""2759"",""3994"",""5570""]",1,1.0,5,1,"[""1112"",""1814"",""2759"",""3994"",""5570""]",1,0,0,0,search-round-02-G-A246735BF9C3-search-b03-S035-aggregate,8,8,10,131933.0,27896.0,0.0,574787.0,"[""1112"",""1814"",""2759"",""3994"",""5570""]",1,1.0,5,1,"[""1108"",""1798"",""2719"",""3914"",""5430""]",0,1,0,1,search-round-02-G-A5C4CF71B956-search-b03-S035-aggregate,9,9,10,126843.0,31122.0,0.0,639084.0,"[""1112"",""1814"",""2759"",""3994"",""5570""]",1,1.0,5,1,"[""1112"",""1814"",""2759"",""3994"",""5570""]",1,0,0,0,search-round-02-G-AA614F215F9C-search-b03-S035-aggregate,6,6,10,141210.0,26915.0,0.0,548767.0,"[""1112"",""1814"",""2759"",""3994"",""5570""]",1,1.0,5,1,"[""1112"",""1814"",""2759"",""3994"",""5570""]",1,0,0,0,search-round-02-G-BF0AD01E8A72-search-b03-S035-aggregate,6,6,10,141619.0,26172.0,0.0,545410.0,"[""1112"",""1814"",""2759"",""3994"",""5570""]",1,1.0,5,1,"[""1112"",""1814"",""2759"",""3994"",""5570""]",1,0,0,0,search-round-02-G-C8D08DBE9D9D-search-b03-S035-aggregate,6,6,10,141386.0,26726.0,0.0,544846.0,"[""1112"",""1814"",""2759"",""3994"",""5570""]",1,1.0,5,1,"[""1112"",""1814"",""2759"",""3994"",""5570""]",1,0,0,0,search-round-02-G-F3EA0DB4CF72-search-b03-S035-aggregate,8,8,10,131642.0,29147.0,0.0,602188.0
S036,search-b03,POLY,hard,"[""1025"",""1343"",""1720"",""2161"",""2671""]","[""1025"",""1343"",""1720"",""2161"",""2671""]",1,1.0,5,1,"[""1025"",""1343"",""1720"",""2161"",""2671""]",1,0,0,0,search-round-02-G-0025CFC9EF2E-search-b03-S036-aggregate,10,10,10,120080.0,31140.0,0.0,629036.0,"[""1025"",""1343"",""1720"",""2161"",""2671""]",1,1.0,5,1,"[""1025"",""1343"",""1720"",""2161"",""2671""]",1,0,0,0,search-round-02-G-1EB09860ED89-search-b03-S036-aggregate,9,9,10,127011.0,32105.0,0.0,661036.0,"[""1025"",""1343"",""1720"",""2161"",""2671""]",1,1.0,5,1,"[""1025"",""1343"",""1720"",""2161"",""2671""]",1,0,0,0,search-round-02-G-2B08D2BA7D25-search-b03-S036-aggregate,6,6,10,141506.0,25860.0,0.0,555165.0,"[""1025"",""1343"",""1720"",""2161"",""2671""]",1,1.0,5,1,"[""1025"",""1343"",""1720"",""2161"",""2671""]",1,0,0,0,search-round-02-G-2D699BBC271A-search-b03-S036-aggregate,7,7,10,137507.0,31313.0,0.0,691898.0,"[""1025"",""1343"",""1720"",""2161"",""2671""]",1,1.0,5,1,"[""1025"",""1343"",""1720"",""2161"",""2671""]",1,0,0,0,search-round-02-G-347400D8BFC6-search-b03-S036-aggregate,7,7,10,137472.0,31211.0,0.0,636546.0,"[""1025"",""1343"",""1720"",""2161"",""2671""]",1,1.0,5,1,"[""1025"",""1343"",""1720"",""2161"",""2671""]",1,0,0,0,search-round-02-G-69EC56E447B2-search-b03-S036-aggregate,7,7,10,137879.0,28146.0,0.0,581157.0,"[""1025"",""1343"",""1720"",""2161"",""2671""]",1,1.0,5,1,"[""1025"",""1343"",""1720"",""2161"",""2671""]",1,0,0,0,search-round-02-G-A246735BF9C3-search-b03-S036-aggregate,8,8,10,131933.0,27896.0,0.0,574787.0,"[""1025"",""1343"",""1720"",""2161"",""2671""]",1,1.0,5,1,"[""1025"",""1343"",""1720"",""2161"",""2671""]",1,0,0,0,search-round-02-G-A5C4CF71B956-search-b03-S036-aggregate,9,9,10,126843.0,31122.0,0.0,639084.0,"[""1025"",""1343"",""1720"",""2161"",""2671""]",1,1.0,5,1,"[""1025"",""1343"",""1720"",""2161"",""2671""]",1,0,0,0,search-round-02-G-AA614F215F9C-search-b03-S036-aggregate,6,6,10,141210.0,26915.0,0.0,548767.0,"[""1025"",""1343"",""1720"",""2161"",""2671""]",1,1.0,5,1,"[""1025"",""1343"",""1720"",""2161"",""2671""]",1,0,0,0,search-round-02-G-BF0AD01E8A72-search-b03-S036-aggregate,6,6,10,141619.0,26172.0,0.0,545410.0,"[""1025"",""1343"",""1720"",""2161"",""2671""]",1,1.0,5,1,"[""1025"",""1343"",""1720"",""2161"",""2671""]",1,0,0,0,search-round-02-G-C8D08DBE9D9D-search-b03-S036-aggregate,6,6,10,141386.0,26726.0,0.0,544846.0,"[""1025"",""1343"",""1720"",""2161"",""2671""]",1,1.0,5,1,"[""1025"",""1343"",""1720"",""2161"",""2671""]",1,0,0,0,search-round-02-G-F3EA0DB4CF72-search-b03-S036-aggregate,8,8,10,131642.0,29147.0,0.0,602188.0
S037,search-b04,LAGPOLY,stress,"[""27"",""23"",""-163"",""51"",""8""]","[""27"",""23"",""-163"",""51"",""8""]",1,1.0,5,1,"[""27"",""23"",""-163"",""51"",""8""]",1,0,0,0,search-round-02-G-0025CFC9EF2E-search-b04-S037-aggregate,10,10,10,119340.0,26394.0,0.0,573046.0,"[""-169"",""25"",""-261"",""36"",""-393""]",0,0.0,0,1,"[""-169"",""25"",""-261"",""36"",""-393""]",0,0,0,0,search-round-02-G-1EB09860ED89-search-b04-S037-aggregate,9,9,10,125450.0,25443.0,0.0,565338.0,"[""-121"",""18"",""-37"",""24"",""-57""]",0,0.0,0,1,"[""-121"",""18"",""-37"",""24"",""-57""]",0,0,0,0,search-round-02-G-2B08D2BA7D25-search-b04-S037-aggregate,6,6,10,139342.0,21518.0,0.0,498823.0,"[""-124"",""34"",""-207"",""43"",""-316""]",0,0.0,0,1,"[""-124"",""34"",""-207"",""43"",""-316""]",0,0,0,0,search-round-02-G-2D699BBC271A-search-b04-S037-aggregate,7,7,10,136047.0,23492.0,0.0,527870.0,"[""-144"",""165"",""-191"",""219"",""-240""]",0,0.0,0,1,"[""-144"",""165"",""-191"",""219"",""-240""]",0,0,0,0,search-round-02-G-347400D8BFC6-search-b04-S037-aggregate,7,7,10,135688.0,24724.0,0.0,515147.0,"[""-126"",""22"",""-161"",""27"",""-201""]",0,0.0,0,1,"[""-126"",""22"",""-161"",""27"",""-201""]",0,0,0,0,search-round-02-G-69EC56E447B2-search-b04-S037-aggregate,7,7,10,135307.0,24113.0,0.0,515096.0,"[""-116"",""17"",""-143"",""18"",""-174""]",0,0.0,0,1,"[""-116"",""17"",""-143"",""18"",""-174""]",0,0,0,0,search-round-02-G-A246735BF9C3-search-b04-S037-aggregate,8,8,10,130473.0,21669.0,0.0,466479.0,"[""-154"",""28"",""-235"",""34"",""-344""]",0,0.0,0,1,"[""-125"",""42"",""-180"",""75"",""-241""]",0,1,0,0,search-round-02-G-A5C4CF71B956-search-b04-S037-aggregate,9,9,10,125879.0,24172.0,0.0,520151.0,"[""-143"",""5"",""-211"",""-76"",""-50""]",0,0.0,0,1,"[""-143"",""5"",""-211"",""-76"",""-50""]",0,0,0,0,search-round-02-G-AA614F215F9C-search-b04-S037-aggregate,6,6,10,139428.0,20531.0,0.0,434356.0,"[""-143"",""17"",""-209"",""19"",""-287""]",0,0.0,0,1,"[""-143"",""17"",""-209"",""19"",""-287""]",0,0,0,0,search-round-02-G-BF0AD01E8A72-search-b04-S037-aggregate,6,6,10,139233.0,21528.0,0.0,455436.0,"[""-205"",""17"",""35"",""-13"",""-267""]",0,0.0,0,1,"[""-125"",""-11"",""-117"",""-127"",""-109""]",0,1,0,0,search-round-02-G-C8D08DBE9D9D-search-b04-S037-aggregate,6,6,10,139342.0,21138.0,0.0,447550.0,"[""-76"",""5"",""-10"",""4"",""-104""]",0,0.0,0,1,"[""-76"",""5"",""-10"",""4"",""-104""]",0,0,0,0,search-round-02-G-F3EA0DB4CF72-search-b04-S037-aggregate,8,8,10,130910.0,24460.0,0.0,514096.0
S038,search-b04,MODAFFINE,stress,"[""110"",""67"",""94"",""98"",""122""]","[""-48"",""12"",""-60"",""-10"",""-119""]",0,0.0,0,1,"[""-48"",""12"",""-60"",""-10"",""-119""]",0,0,0,0,search-round-02-G-0025CFC9EF2E-search-b04-S038-aggregate,10,10,10,119340.0,26394.0,0.0,573046.0,"[""126"",""127"",""131"",""136"",""142""]",0,0.0,0,1,"[""125"",""129"",""137"",""135"",""153""]",0,1,0,0,search-round-02-G-1EB09860ED89-search-b04-S038-aggregate,9,9,10,125450.0,25443.0,0.0,565338.0,"[""130"",""129"",""146"",""144"",""157""]",0,0.0,0,1,"[""128"",""130"",""147"",""136"",""176""]",0,1,0,0,search-round-02-G-2B08D2BA7D25-search-b04-S038-aggregate,6,6,10,139342.0,21518.0,0.0,498823.0,"[""95"",""143"",""-8"",""165"",""167""]",0,0.0,0,1,"[""95"",""143"",""-8"",""165"",""167""]",0,0,0,0,search-round-02-G-2D699BBC271A-search-b04-S038-aggregate,7,7,10,136047.0,23492.0,0.0,527870.0,"[""128"",""-24"",""145"",""-39"",""162""]",0,0.0,0,1,"[""128"",""-24"",""145"",""-39"",""162""]",0,0,0,0,search-round-02-G-347400D8BFC6-search-b04-S038-aggregate,7,7,10,135688.0,24724.0,0.0,515147.0,"[""141"",""139"",""164"",""160"",""190""]",0,0.0,0,1,"[""141"",""139"",""164"",""160"",""190""]",0,0,0,0,search-round-02-G-69EC56E447B2-search-b04-S038-aggregate,7,7,10,135307.0,24113.0,0.0,515096.0,"[""144"",""139"",""167"",""160"",""198""]",0,0.0,0,1,"[""144"",""139"",""167"",""160"",""198""]",0,0,0,0,search-round-02-G-A246735BF9C3-search-b04-S038-aggregate,8,8,10,130473.0,21669.0,0.0,466479.0,"[""126"",""123"",""157"",""160"",""198""]",0,0.0,0,1,"[""124"",""129"",""14"",""136"",""131""]",0,1,0,0,search-round-02-G-A5C4CF71B956-search-b04-S038-aggregate,9,9,10,125879.0,24172.0,0.0,520151.0,"[""91"",""139"",""143"",""167"",""169""]",0,0.0,0,1,"[""-87"",""132"",""-198"",""143"",""-323""]",0,1,0,0,search-round-02-G-AA614F215F9C-search-b04-S038-aggregate,6,6,10,139428.0,20531.0,0.0,434356.0,"[""126"",""128"",""149"",""135"",""154""]",0,0.0,0,1,"[""139"",""-2"",""159"",""-35"",""187""]",0,1,0,0,search-round-02-G-BF0AD01E8A72-search-b04-S038-aggregate,6,6,10,139233.0,21528.0,0.0,455436.0,"[""127"",""74"",""128"",""123"",""137""]",0,0.0,0,1,"[""127"",""74"",""128"",""123"",""137""]",0,0,0,0,search-round-02-G-C8D08DBE9D9D-search-b04-S038-aggregate,6,6,10,139342.0,21138.0,0.0,447550.0,"[""126"",""143"",""9"",""160"",""165""]",0,0.0,0,1,"[""126"",""143"",""9"",""160"",""165""]",0,0,0,0,search-round-02-G-F3EA0DB4CF72-search-b04-S038-aggregate,8,8,10,130910.0,24460.0,0.0,514096.0
S039,search-b04,MODAFFINE,hard,"[""7"",""14"",""6"",""9"",""24""]","[""226"",""-9"",""235"",""697"",""-148""]",0,0.0,0,1,"[""226"",""-9"",""235"",""697"",""-148""]",0,0,0,0,search-round-02-G-0025CFC9EF2E-search-b04-S039-aggregate,10,10,10,119340.0,26394.0,0.0,573046.0,"[""120"",""-3"",""45"",""32"",""290""]",0,0.0,0,1,"[""120"",""-3"",""45"",""32"",""290""]",0,0,0,0,search-round-02-G-1EB09860ED89-search-b04-S039-aggregate,9,9,10,125450.0,25443.0,0.0,565338.0,"[""226"",""-9"",""235"",""697"",""-63""]",0,0.0,0,1,"[""226"",""-9"",""235"",""697"",""-63""]",0,0,0,0,search-round-02-G-2B08D2BA7D25-search-b04-S039-aggregate,6,6,10,139342.0,21518.0,0.0,498823.0,"[""226"",""-9"",""235"",""527"",""-148""]",0,0.0,0,1,"[""226"",""-9"",""235"",""527"",""-148""]",0,0,0,0,search-round-02-G-2D699BBC271A-search-b04-S039-aggregate,7,7,10,136047.0,23492.0,0.0,527870.0,"[""226"",""-9"",""235"",""697"",""-148""]",0,0.0,0,1,"[""226"",""-9"",""235"",""697"",""-148""]",0,0,0,0,search-round-02-G-347400D8BFC6-search-b04-S039-aggregate,7,7,10,135688.0,24724.0,0.0,515147.0,"[""160"",""5"",""176"",""395"",""-67""]",0,0.0,0,1,"[""160"",""5"",""176"",""395"",""-67""]",0,0,0,0,search-round-02-G-69EC56E447B2-search-b04-S039-aggregate,7,7,10,135307.0,24113.0,0.0,515096.0,"[""43"",""41"",""47"",""56"",""44""]",0,0.0,0,1,"[""43"",""41"",""47"",""56"",""44""]",0,0,0,0,search-round-02-G-A246735BF9C3-search-b04-S039-aggregate,8,8,10,130473.0,21669.0,0.0,466479.0,"[""30"",""43"",""44"",""45"",""46""]",0,0.0,0,1,"[""30"",""43"",""44"",""45"",""46""]",0,0,0,0,search-round-02-G-A5C4CF71B956-search-b04-S039-aggregate,9,9,10,125879.0,24172.0,0.0,520151.0,"[""23"",""31"",""45"",""43"",""51""]",0,0.0,0,1,"[""-12"",""31"",""-19"",""30"",""-26""]",0,1,0,0,search-round-02-G-AA614F215F9C-search-b04-S039-aggregate,6,6,10,139428.0,20531.0,0.0,434356.0,"[""160"",""5"",""176"",""395"",""-67""]",0,0.0,0,1,"[""160"",""5"",""176"",""395"",""-67""]",0,0,0,0,search-round-02-G-BF0AD01E8A72-search-b04-S039-aggregate,6,6,10,139233.0,21528.0,0.0,455436.0,"[""45"",""35"",""48"",""43"",""55""]",0,0.0,0,1,"[""-5"",""25"",""-7"",""22"",""-9""]",0,1,0,0,search-round-02-G-C8D08DBE9D9D-search-b04-S039-aggregate,6,6,10,139342.0,21138.0,0.0,447550.0,"[""160"",""5"",""176"",""461"",""-81""]",0,0.0,0,1,"[""160"",""5"",""176"",""461"",""-81""]",0,0,0,0,search-round-02-G-F3EA0DB4CF72-search-b04-S039-aggregate,8,8,10,130910.0,24460.0,0.0,514096.0
S040,search-b04,GROWBLOCK,very-hard,"[""100"",""51"",""71"",""91"",""111""]","[""35"",""55"",""75"",""95"",""115""]",0,0.0,0,1,"[""35"",""55"",""75"",""95"",""115""]",0,0,0,0,search-round-02-G-0025CFC9EF2E-search-b04-S040-aggregate,10,10,10,119340.0,26394.0,0.0,573046.0,"[""100"",""-49"",""-29"",""-9"",""11""]",0,0.2,1,1,"[""100"",""-49"",""-29"",""-9"",""11""]",0,0,0,0,search-round-02-G-1EB09860ED89-search-b04-S040-aggregate,9,9,10,125450.0,25443.0,0.0,565338.0,"[""49"",""69"",""89"",""109"",""129""]",0,0.0,0,1,"[""49"",""69"",""89"",""109"",""129""]",0,0,0,0,search-round-02-G-2B08D2BA7D25-search-b04-S040-aggregate,6,6,10,139342.0,21518.0,0.0,498823.0,"[""35"",""55"",""75"",""95"",""115""]",0,0.0,0,1,"[""35"",""55"",""75"",""95"",""115""]",0,0,0,0,search-round-02-G-2D699BBC271A-search-b04-S040-aggregate,7,7,10,136047.0,23492.0,0.0,527870.0,"[""51"",""71"",""91"",""111"",""131""]",0,0.0,0,1,"[""51"",""71"",""91"",""111"",""131""]",0,0,0,0,search-round-02-G-347400D8BFC6-search-b04-S040-aggregate,7,7,10,135688.0,24724.0,0.0,515147.0,"[""35"",""55"",""75"",""95"",""115""]",0,0.0,0,1,"[""35"",""55"",""75"",""95"",""115""]",0,0,0,0,search-round-02-G-69EC56E447B2-search-b04-S040-aggregate,7,7,10,135307.0,24113.0,0.0,515096.0,"[""49"",""69"",""89"",""109"",""129""]",0,0.0,0,1,"[""49"",""69"",""89"",""109"",""129""]",0,0,0,0,search-round-02-G-A246735BF9C3-search-b04-S040-aggregate,8,8,10,130473.0,21669.0,0.0,466479.0,"[""100"",""49"",""69"",""89"",""109""]",0,0.2,1,1,"[""100"",""49"",""69"",""89"",""109""]",0,0,0,0,search-round-02-G-A5C4CF71B956-search-b04-S040-aggregate,9,9,10,125879.0,24172.0,0.0,520151.0,"[""51"",""71"",""91"",""111"",""131""]",0,0.0,0,1,"[""51"",""71"",""91"",""111"",""131""]",0,0,0,0,search-round-02-G-AA614F215F9C-search-b04-S040-aggregate,6,6,10,139428.0,20531.0,0.0,434356.0,"[""49"",""69"",""89"",""109"",""129""]",0,0.0,0,1,"[""49"",""69"",""89"",""109"",""129""]",0,0,0,0,search-round-02-G-BF0AD01E8A72-search-b04-S040-aggregate,6,6,10,139233.0,21528.0,0.0,455436.0,"[""51"",""71"",""91"",""111"",""131""]",0,0.0,0,1,"[""51"",""71"",""91"",""111"",""131""]",0,0,0,0,search-round-02-G-C8D08DBE9D9D-search-b04-S040-aggregate,6,6,10,139342.0,21138.0,0.0,447550.0,"[""100"",""116"",""132"",""148"",""164""]",0,0.2,1,1,"[""100"",""116"",""132"",""148"",""164""]",0,0,0,0,search-round-02-G-F3EA0DB4CF72-search-b04-S040-aggregate,8,8,10,130910.0,24460.0,0.0,514096.0
S041,search-b04,LAGPOLY,hard,"[""-24"",""31"",""-28"",""35"",""-32""]","[""-24"",""31"",""-28"",""35"",""-32""]",1,1.0,5,1,"[""-24"",""31"",""-28"",""35"",""-32""]",1,0,0,0,search-round-02-G-0025CFC9EF2E-search-b04-S041-aggregate,10,10,10,119340.0,26394.0,0.0,573046.0,"[""-24"",""31"",""-28"",""35"",""-32""]",1,1.0,5,1,"[""-24"",""31"",""-28"",""35"",""-32""]",1,0,0,0,search-round-02-G-1EB09860ED89-search-b04-S041-aggregate,9,9,10,125450.0,25443.0,0.0,565338.0,"[""-24"",""31"",""-28"",""35"",""-32""]",1,1.0,5,1,"[""-24"",""31"",""-28"",""35"",""-32""]",1,0,0,0,search-round-02-G-2B08D2BA7D25-search-b04-S041-aggregate,6,6,10,139342.0,21518.0,0.0,498823.0,"[""-24"",""31"",""-28"",""35"",""-32""]",1,1.0,5,1,"[""-24"",""31"",""-28"",""35"",""-32""]",1,0,0,0,search-round-02-G-2D699BBC271A-search-b04-S041-aggregate,7,7,10,136047.0,23492.0,0.0,527870.0,"[""-24"",""31"",""-28"",""35"",""-32""]",1,1.0,5,1,"[""-24"",""31"",""-28"",""35"",""-32""]",1,0,0,0,search-round-02-G-347400D8BFC6-search-b04-S041-aggregate,7,7,10,135688.0,24724.0,0.0,515147.0,"[""-24"",""31"",""-28"",""35"",""-32""]",1,1.0,5,1,"[""-24"",""31"",""-28"",""35"",""-32""]",1,0,0,0,search-round-02-G-69EC56E447B2-search-b04-S041-aggregate,7,7,10,135307.0,24113.0,0.0,515096.0,"[""-24"",""31"",""-28"",""35"",""-32""]",1,1.0,5,1,"[""-24"",""31"",""-28"",""35"",""-32""]",1,0,0,0,search-round-02-G-A246735BF9C3-search-b04-S041-aggregate,8,8,10,130473.0,21669.0,0.0,466479.0,"[""-24"",""31"",""-28"",""35"",""-32""]",1,1.0,5,1,"[""-24"",""31"",""-28"",""35"",""-32""]",1,0,0,0,search-round-02-G-A5C4CF71B956-search-b04-S041-aggregate,9,9,10,125879.0,24172.0,0.0,520151.0,"[""-24"",""31"",""-28"",""35"",""-32""]",1,1.0,5,1,"[""-24"",""31"",""-28"",""35"",""-32""]",1,0,0,0,search-round-02-G-AA614F215F9C-search-b04-S041-aggregate,6,6,10,139428.0,20531.0,0.0,434356.0,"[""-24"",""31"",""-28"",""35"",""-32""]",1,1.0,5,1,"[""-24"",""31"",""-28"",""35"",""-32""]",1,0,0,0,search-round-02-G-BF0AD01E8A72-search-b04-S041-aggregate,6,6,10,139233.0,21528.0,0.0,455436.0,"[""-24"",""31"",""-28"",""35"",""-32""]",1,1.0,5,1,"[""-24"",""31"",""-28"",""35"",""-32""]",1,0,0,0,search-round-02-G-C8D08DBE9D9D-search-b04-S041-aggregate,6,6,10,139342.0,21138.0,0.0,447550.0,"[""-24"",""31"",""-28"",""35"",""-32""]",1,1.0,5,1,"[""-24"",""31"",""-28"",""35"",""-32""]",1,0,0,0,search-round-02-G-F3EA0DB4CF72-search-b04-S041-aggregate,8,8,10,130910.0,24460.0,0.0,514096.0
S042,search-b04,MODAFFINE,very-hard,"[""32"",""7"",""15"",""63"",""35""]","[""15"",""300"",""424"",""-165"",""958""]",0,0.0,0,1,"[""15"",""300"",""424"",""-165"",""958""]",0,0,0,0,search-round-02-G-0025CFC9EF2E-search-b04-S042-aggregate,10,10,10,119340.0,26394.0,0.0,573046.0,"[""-5"",""79"",""-36"",""98"",""-68""]",0,0.0,0,1,"[""-30"",""-35"",""-17"",""-22"",""-27""]",0,1,0,0,search-round-02-G-1EB09860ED89-search-b04-S042-aggregate,9,9,10,125450.0,25443.0,0.0,565338.0,"[""-12"",""57"",""36"",""54"",""30""]",0,0.0,0,1,"[""-12"",""73"",""-3"",""82"",""-17""]",0,1,0,0,search-round-02-G-2B08D2BA7D25-search-b04-S042-aggregate,6,6,10,139342.0,21518.0,0.0,498823.0,"[""-26"",""48"",""-4"",""71"",""-12""]",0,0.0,0,1,"[""-26"",""48"",""-4"",""71"",""-12""]",0,0,0,0,search-round-02-G-2D699BBC271A-search-b04-S042-aggregate,7,7,10,136047.0,23492.0,0.0,527870.0,"[""-17"",""58"",""-14"",""55"",""-11""]",0,0.0,0,1,"[""-17"",""58"",""-14"",""55"",""-11""]",0,0,0,0,search-round-02-G-347400D8BFC6-search-b04-S042-aggregate,7,7,10,135688.0,24724.0,0.0,515147.0,"[""-14"",""58"",""30"",""52"",""8""]",0,0.0,0,1,"[""-14"",""58"",""30"",""52"",""8""]",0,0,0,0,search-round-02-G-69EC56E447B2-search-b04-S042-aggregate,7,7,10,135307.0,24113.0,0.0,515096.0,"[""-30"",""-35"",""-17"",""-22"",""-27""]",0,0.0,0,1,"[""-30"",""-35"",""-17"",""-22"",""-27""]",0,0,0,0,search-round-02-G-A246735BF9C3-search-b04-S042-aggregate,8,8,10,130473.0,21669.0,0.0,466479.0,"[""-29"",""-22"",""-27"",""-24"",""-25""]",0,0.0,0,1,"[""-29"",""-22"",""-27"",""-24"",""-25""]",0,0,0,0,search-round-02-G-A5C4CF71B956-search-b04-S042-aggregate,9,9,10,125879.0,24172.0,0.0,520151.0,"[""-14"",""57"",""-19"",""36"",""-1""]",0,0.0,0,1,"[""-7"",""-2"",""53"",""-23"",""68""]",0,1,0,0,search-round-02-G-AA614F215F9C-search-b04-S042-aggregate,6,6,10,139428.0,20531.0,0.0,434356.0,"[""-19"",""58"",""-1"",""55"",""-17""]",0,0.0,0,1,"[""-19"",""58"",""-1"",""55"",""-17""]",0,0,0,0,search-round-02-G-BF0AD01E8A72-search-b04-S042-aggregate,6,6,10,139233.0,21528.0,0.0,455436.0,"[""-18"",""-9"",""-30"",""-17"",""-42""]",0,0.0,0,1,"[""-18"",""-9"",""-30"",""-17"",""-42""]",0,0,0,0,search-round-02-G-C8D08DBE9D9D-search-b04-S042-aggregate,6,6,10,139342.0,21138.0,0.0,447550.0,"[""-4"",""-9"",""-14"",""-19"",""-24""]",0,0.0,0,1,"[""-4"",""-9"",""-14"",""-19"",""-24""]",0,0,0,0,search-round-02-G-F3EA0DB4CF72-search-b04-S042-aggregate,8,8,10,130910.0,24460.0,0.0,514096.0
S043,search-b04,INTERLEAVE,very-hard,"[""15"",""5"",""-76"",""-10"",""4""]","[""-76"",""15"",""5"",""-104"",""-10""]",0,0.0,0,1,"[""-76"",""15"",""5"",""-104"",""-10""]",0,0,0,0,search-round-02-G-0025CFC9EF2E-search-b04-S043-aggregate,10,10,10,119340.0,26394.0,0.0,573046.0,"[""15"",""5"",""-76"",""-10"",""4""]",1,1.0,5,1,"[""15"",""5"",""-76"",""-10"",""4""]",1,0,0,0,search-round-02-G-1EB09860ED89-search-b04-S043-aggregate,9,9,10,125450.0,25443.0,0.0,565338.0,"[""15"",""5"",""-76"",""-10"",""4""]",1,1.0,5,1,"[""15"",""5"",""-76"",""-10"",""4""]",1,0,0,0,search-round-02-G-2B08D2BA7D25-search-b04-S043-aggregate,6,6,10,139342.0,21518.0,0.0,498823.0,"[""15"",""5"",""-76"",""15"",""4""]",0,0.8,4,1,"[""15"",""5"",""-76"",""15"",""4""]",0,0,0,0,search-round-02-G-2D699BBC271A-search-b04-S043-aggregate,7,7,10,136047.0,23492.0,0.0,527870.0,"[""-76"",""15"",""5"",""-102"",""-10""]",0,0.0,0,1,"[""-76"",""15"",""5"",""-102"",""-10""]",0,0,0,0,search-round-02-G-347400D8BFC6-search-b04-S043-aggregate,7,7,10,135688.0,24724.0,0.0,515147.0,"[""15"",""5"",""-76"",""-10"",""4""]",1,1.0,5,1,"[""15"",""5"",""-76"",""-10"",""4""]",1,0,0,0,search-round-02-G-69EC56E447B2-search-b04-S043-aggregate,7,7,10,135307.0,24113.0,0.0,515096.0,"[""-76"",""15"",""5"",""-101"",""15""]",0,0.0,0,1,"[""-76"",""15"",""5"",""-101"",""15""]",0,0,0,0,search-round-02-G-A246735BF9C3-search-b04-S043-aggregate,8,8,10,130473.0,21669.0,0.0,466479.0,"[""15"",""5"",""-76"",""-10"",""4""]",1,1.0,5,1,"[""15"",""5"",""-76"",""-10"",""4""]",1,0,0,0,search-round-02-G-A5C4CF71B956-search-b04-S043-aggregate,9,9,10,125879.0,24172.0,0.0,520151.0,"[""15"",""5"",""-76"",""-10"",""4""]",1,1.0,5,1,"[""15"",""5"",""-76"",""-10"",""4""]",1,0,0,0,search-round-02-G-AA614F215F9C-search-b04-S043-aggregate,6,6,10,139428.0,20531.0,0.0,434356.0,"[""-76"",""-18"",""5"",""-104"",""-29""]",0,0.0,0,1,"[""-76"",""-18"",""5"",""-104"",""-29""]",0,0,0,0,search-round-02-G-BF0AD01E8A72-search-b04-S043-aggregate,6,6,10,139233.0,21528.0,0.0,455436.0,"[""-76"",""15"",""5"",""-104"",""-10""]",0,0.0,0,1,"[""-76"",""15"",""5"",""-104"",""-10""]",0,0,0,0,search-round-02-G-C8D08DBE9D9D-search-b04-S043-aggregate,6,6,10,139342.0,21138.0,0.0,447550.0,"[""15"",""5"",""-76"",""-10"",""4""]",1,1.0,5,1,"[""15"",""5"",""-76"",""-10"",""4""]",1,0,0,0,search-round-02-G-F3EA0DB4CF72-search-b04-S043-aggregate,8,8,10,130910.0,24460.0,0.0,514096.0
S044,search-b04,LAGPOLY,very-hard,"[""-18"",""-28"",""-22"",""-29"",""-46""]","[""-18"",""-18"",""-28"",""-22"",""-28""]",0,0.2,1,1,"[""-18"",""-18"",""-28"",""-22"",""-28""]",0,0,0,0,search-round-02-G-0025CFC9EF2E-search-b04-S044-aggregate,10,10,10,119340.0,26394.0,0.0,573046.0,"[""-18"",""-28"",""-22"",""-29"",""-46""]",1,1.0,5,1,"[""-18"",""-22"",""-28"",""-29"",""-46""]",0,1,0,1,search-round-02-G-1EB09860ED89-search-b04-S044-aggregate,9,9,10,125450.0,25443.0,0.0,565338.0,"[""-18"",""-28"",""-22"",""-29"",""-46""]",1,1.0,5,1,"[""-18"",""-28"",""-22"",""-29"",""-46""]",1,0,0,0,search-round-02-G-2B08D2BA7D25-search-b04-S044-aggregate,6,6,10,139342.0,21518.0,0.0,498823.0,"[""-18"",""-28"",""-22"",""-28"",""-40""]",0,0.6,3,1,"[""-18"",""-28"",""-22"",""-28"",""-40""]",0,0,0,0,search-round-02-G-2D699BBC271A-search-b04-S044-aggregate,7,7,10,136047.0,23492.0,0.0,527870.0,"[""-22"",""-18"",""-28"",""-27"",""-29""]",0,0.0,0,1,"[""-22"",""-18"",""-28"",""-27"",""-29""]",0,0,0,0,search-round-02-G-347400D8BFC6-search-b04-S044-aggregate,7,7,10,135688.0,24724.0,0.0,515147.0,"[""-18"",""-28"",""-22"",""-29"",""-46""]",1,1.0,5,1,"[""-18"",""-28"",""-22"",""-29"",""-46""]",1,0,0,0,search-round-02-G-69EC56E447B2-search-b04-S044-aggregate,7,7,10,135307.0,24113.0,0.0,515096.0,"[""-22"",""-18"",""-28"",""-23"",""-10""]",0,0.0,0,1,"[""-22"",""-18"",""-28"",""-23"",""-10""]",0,0,0,0,search-round-02-G-A246735BF9C3-search-b04-S044-aggregate,8,8,10,130473.0,21669.0,0.0,466479.0,"[""-18"",""-22"",""-18"",""-28"",""-28""]",0,0.2,1,1,"[""-18"",""-22"",""-18"",""-28"",""-28""]",0,0,0,0,search-round-02-G-A5C4CF71B956-search-b04-S044-aggregate,9,9,10,125879.0,24172.0,0.0,520151.0,"[""-18"",""-28"",""-22"",""-28"",""-40""]",0,0.6,3,1,"[""-18"",""-28"",""-22"",""-28"",""-40""]",0,0,0,0,search-round-02-G-AA614F215F9C-search-b04-S044-aggregate,6,6,10,139428.0,20531.0,0.0,434356.0,"[""-18"",""-18"",""-28"",""-22"",""-29""]",0,0.2,1,1,"[""-18"",""-18"",""-28"",""-22"",""-29""]",0,0,0,0,search-round-02-G-BF0AD01E8A72-search-b04-S044-aggregate,6,6,10,139233.0,21528.0,0.0,455436.0,"[""-18"",""-28"",""-22"",""-28"",""-46""]",0,0.8,4,1,"[""-18"",""-28"",""-18"",""-29"",""-46""]",0,1,0,0,search-round-02-G-C8D08DBE9D9D-search-b04-S044-aggregate,6,6,10,139342.0,21138.0,0.0,447550.0,"[""-22"",""-25"",""-28"",""-27"",""-57""]",0,0.0,0,1,"[""-22"",""-25"",""-28"",""-27"",""-57""]",0,0,0,0,search-round-02-G-F3EA0DB4CF72-search-b04-S044-aggregate,8,8,10,130910.0,24460.0,0.0,514096.0
S045,search-b04,INTERLEAVE,stress,"[""107"",""-134"",""12"",""151"",""-263""]","[""-134"",""12"",""107"",""-254"",""-4""]",0,0.0,0,1,"[""-134"",""12"",""107"",""-254"",""-4""]",0,0,0,0,search-round-02-G-0025CFC9EF2E-search-b04-S045-aggregate,10,10,10,119340.0,26394.0,0.0,573046.0,"[""107"",""-134"",""12"",""151"",""-263""]",1,1.0,5,1,"[""107"",""-134"",""12"",""151"",""-263""]",1,0,0,0,search-round-02-G-1EB09860ED89-search-b04-S045-aggregate,9,9,10,125450.0,25443.0,0.0,565338.0,"[""-4"",""132"",""-100"",""-4"",""76""]",0,0.0,0,1,"[""-4"",""132"",""-100"",""-4"",""76""]",0,0,0,0,search-round-02-G-2B08D2BA7D25-search-b04-S045-aggregate,6,6,10,139342.0,21518.0,0.0,498823.0,"[""-4"",""102"",""-4"",""-104"",""-4""]",0,0.0,0,1,"[""-4"",""102"",""-4"",""-104"",""-4""]",0,0,0,0,search-round-02-G-2D699BBC271A-search-b04-S045-aggregate,7,7,10,136047.0,23492.0,0.0,527870.0,"[""107"",""-134"",""12"",""151"",""-4""]",0,0.8,4,1,"[""107"",""-134"",""12"",""151"",""-4""]",0,0,0,0,search-round-02-G-347400D8BFC6-search-b04-S045-aggregate,7,7,10,135688.0,24724.0,0.0,515147.0,"[""12"",""-4"",""-50"",""72"",""-4""]",0,0.0,0,1,"[""21"",""-4"",""-78"",""-2"",""12""]",0,1,0,0,search-round-02-G-69EC56E447B2-search-b04-S045-aggregate,7,7,10,135307.0,24113.0,0.0,515096.0,"[""-4"",""92"",""-116"",""-4"",""178""]",0,0.0,0,1,"[""-4"",""92"",""-116"",""-4"",""178""]",0,0,0,0,search-round-02-G-A246735BF9C3-search-b04-S045-aggregate,8,8,10,130473.0,21669.0,0.0,466479.0,"[""-302"",""-4"",""-50"",""-126"",""-4""]",0,0.0,0,1,"[""-302"",""-4"",""-50"",""-126"",""-4""]",0,0,0,0,search-round-02-G-A5C4CF71B956-search-b04-S045-aggregate,9,9,10,125879.0,24172.0,0.0,520151.0,"[""-4"",""-28"",""-4"",""-6"",""-4""]",0,0.0,0,1,"[""-31"",""-4"",""-176"",""-4"",""-116""]",0,1,0,0,search-round-02-G-AA614F215F9C-search-b04-S045-aggregate,6,6,10,139428.0,20531.0,0.0,434356.0,"[""-19"",""101"",""-84"",""-6"",""135""]",0,0.0,0,1,"[""-14"",""91"",""-102"",""-4"",""118""]",0,1,0,0,search-round-02-G-BF0AD01E8A72-search-b04-S045-aggregate,6,6,10,139233.0,21528.0,0.0,455436.0,"[""21"",""-4"",""-106"",""72"",""16""]",0,0.0,0,1,"[""21"",""-4"",""-106"",""72"",""16""]",0,0,0,0,search-round-02-G-C8D08DBE9D9D-search-b04-S045-aggregate,6,6,10,139342.0,21138.0,0.0,447550.0,"[""107"",""-134"",""12"",""151"",""-254""]",0,0.8,4,1,"[""107"",""-134"",""12"",""151"",""-254""]",0,0,0,0,search-round-02-G-F3EA0DB4CF72-search-b04-S045-aggregate,8,8,10,130910.0,24460.0,0.0,514096.0
S046,search-b04,GROWBLOCK,hard,"[""-30"",""-35"",""-17"",""-22"",""-27""]","[""-30"",""-35"",""-17"",""-22"",""-27""]",1,1.0,5,1,"[""-30"",""-35"",""-17"",""-22"",""-27""]",1,0,0,0,search-round-02-G-0025CFC9EF2E-search-b04-S046-aggregate,10,10,10,119340.0,26394.0,0.0,573046.0,"[""-7"",""-12"",""-17"",""-22"",""-27""]",0,0.6,3,1,"[""-30"",""-35"",""-17"",""-22"",""-27""]",1,1,1,0,search-round-02-G-1EB09860ED89-search-b04-S046-aggregate,9,9,10,125450.0,25443.0,0.0,565338.0,"[""-15"",""-20"",""-25"",""-30"",""-35""]",0,0.0,0,1,"[""-15"",""-20"",""-25"",""-30"",""-35""]",0,0,0,0,search-round-02-G-2B08D2BA7D25-search-b04-S046-aggregate,6,6,10,139342.0,21518.0,0.0,498823.0,"[""-30"",""-35"",""-17"",""-22"",""-27""]",1,1.0,5,1,"[""-30"",""-35"",""-17"",""-22"",""-27""]",1,0,0,0,search-round-02-G-2D699BBC271A-search-b04-S046-aggregate,7,7,10,136047.0,23492.0,0.0,527870.0,"[""-7"",""-12"",""-17"",""-22"",""-27""]",0,0.6,3,1,"[""-7"",""-12"",""-17"",""-22"",""-27""]",0,0,0,0,search-round-02-G-347400D8BFC6-search-b04-S046-aggregate,7,7,10,135688.0,24724.0,0.0,515147.0,"[""-30"",""-35"",""-17"",""-22"",""-27""]",1,1.0,5,1,"[""-30"",""-35"",""-17"",""-22"",""-27""]",1,0,0,0,search-round-02-G-69EC56E447B2-search-b04-S046-aggregate,7,7,10,135307.0,24113.0,0.0,515096.0,"[""-17"",""-22"",""-27"",""-32"",""-37""]",0,0.0,0,1,"[""-30"",""-35"",""-17"",""-22"",""-27""]",1,1,1,0,search-round-02-G-A246735BF9C3-search-b04-S046-aggregate,8,8,10,130473.0,21669.0,0.0,466479.0,"[""-30"",""-35"",""-40"",""-45"",""-50""]",0,0.4,2,1,"[""-30"",""-35"",""-17"",""-22"",""-27""]",1,1,1,0,search-round-02-G-A5C4CF71B956-search-b04-S046-aggregate,9,9,10,125879.0,24172.0,0.0,520151.0,"[""-17"",""-22"",""-27"",""-32"",""-37""]",0,0.0,0,1,"[""-17"",""-22"",""-27"",""-32"",""-37""]",0,0,0,0,search-round-02-G-AA614F215F9C-search-b04-S046-aggregate,6,6,10,139428.0,20531.0,0.0,434356.0,"[""-7"",""-12"",""-17"",""-22"",""-27""]",0,0.6,3,1,"[""-7"",""-12"",""-17"",""-22"",""-27""]",0,0,0,0,search-round-02-G-BF0AD01E8A72-search-b04-S046-aggregate,6,6,10,139233.0,21528.0,0.0,455436.0,"[""-30"",""-35"",""-17"",""-22"",""-27""]",1,1.0,5,1,"[""-30"",""-35"",""-17"",""-22"",""-27""]",1,0,0,0,search-round-02-G-C8D08DBE9D9D-search-b04-S046-aggregate,6,6,10,139342.0,21138.0,0.0,447550.0,"[""-30"",""-35"",""-17"",""-22"",""-27""]",1,1.0,5,1,"[""-30"",""-35"",""-17"",""-22"",""-27""]",1,0,0,0,search-round-02-G-F3EA0DB4CF72-search-b04-S046-aggregate,8,8,10,130910.0,24460.0,0.0,514096.0
S047,search-b04,GROWBLOCK,stress,"[""198"",""101"",""147"",""193"",""239""]","[""198"",""236"",""274"",""312"",""350""]",0,0.2,1,1,"[""198"",""236"",""274"",""312"",""350""]",0,0,0,0,search-round-02-G-0025CFC9EF2E-search-b04-S047-aggregate,10,10,10,119340.0,26394.0,0.0,573046.0,"[""101"",""147"",""193"",""239"",""285""]",0,0.0,0,1,"[""101"",""147"",""193"",""239"",""285""]",0,0,0,0,search-round-02-G-1EB09860ED89-search-b04-S047-aggregate,9,9,10,125450.0,25443.0,0.0,565338.0,"[""198"",""101"",""147"",""193"",""239""]",1,1.0,5,1,"[""198"",""236"",""274"",""312"",""350""]",0,1,0,1,search-round-02-G-2B08D2BA7D25-search-b04-S047-aggregate,6,6,10,139342.0,21518.0,0.0,498823.0,"[""89"",""135"",""181"",""227"",""273""]",0,0.0,0,1,"[""89"",""135"",""181"",""227"",""273""]",0,0,0,0,search-round-02-G-2D699BBC271A-search-b04-S047-aggregate,7,7,10,136047.0,23492.0,0.0,527870.0,"[""96"",""142"",""188"",""234"",""280""]",0,0.0,0,1,"[""96"",""142"",""188"",""234"",""280""]",0,0,0,0,search-round-02-G-347400D8BFC6-search-b04-S047-aggregate,7,7,10,135688.0,24724.0,0.0,515147.0,"[""198"",""244"",""290"",""336"",""236""]",0,0.2,1,1,"[""105"",""151"",""197"",""243"",""289""]",0,1,0,0,search-round-02-G-69EC56E447B2-search-b04-S047-aggregate,7,7,10,135307.0,24113.0,0.0,515096.0,"[""198"",""236"",""274"",""312"",""350""]",0,0.2,1,1,"[""198"",""236"",""274"",""312"",""350""]",0,0,0,0,search-round-02-G-A246735BF9C3-search-b04-S047-aggregate,8,8,10,130473.0,21669.0,0.0,466479.0,"[""96"",""142"",""188"",""234"",""280""]",0,0.0,0,1,"[""96"",""142"",""188"",""234"",""280""]",0,0,0,0,search-round-02-G-A5C4CF71B956-search-b04-S047-aggregate,9,9,10,125879.0,24172.0,0.0,520151.0,"[""198"",""101"",""147"",""193"",""239""]",1,1.0,5,1,"[""198"",""101"",""147"",""193"",""239""]",1,0,0,0,search-round-02-G-AA614F215F9C-search-b04-S047-aggregate,6,6,10,139428.0,20531.0,0.0,434356.0,"[""63"",""109"",""155"",""201"",""247""]",0,0.0,0,1,"[""63"",""109"",""155"",""201"",""247""]",0,0,0,0,search-round-02-G-BF0AD01E8A72-search-b04-S047-aggregate,6,6,10,139233.0,21528.0,0.0,455436.0,"[""101"",""147"",""193"",""239"",""285""]",0,0.0,0,1,"[""198"",""236"",""274"",""312"",""350""]",0,1,0,0,search-round-02-G-C8D08DBE9D9D-search-b04-S047-aggregate,6,6,10,139342.0,21138.0,0.0,447550.0,"[""101"",""147"",""193"",""239"",""285""]",0,0.0,0,1,"[""198"",""236"",""274"",""312"",""350""]",0,1,0,0,search-round-02-G-F3EA0DB4CF72-search-b04-S047-aggregate,8,8,10,130910.0,24460.0,0.0,514096.0
S048,search-b04,INTERLEAVE,hard,"[""-11"",""12"",""-25"",""-10"",""-42""]","[""-11"",""12"",""-25"",""-10"",""-42""]",1,1.0,5,1,"[""-11"",""12"",""-25"",""-10"",""-42""]",1,0,0,0,search-round-02-G-0025CFC9EF2E-search-b04-S048-aggregate,10,10,10,119340.0,26394.0,0.0,573046.0,"[""-11"",""-10"",""-14"",""-10"",""-17""]",0,0.4,2,1,"[""-11"",""-10"",""-14"",""-10"",""-17""]",0,0,0,0,search-round-02-G-1EB09860ED89-search-b04-S048-aggregate,9,9,10,125450.0,25443.0,0.0,565338.0,"[""-16"",""12"",""-25"",""-10"",""0""]",0,0.6,3,1,"[""-16"",""12"",""-25"",""-10"",""0""]",0,0,0,0,search-round-02-G-2B08D2BA7D25-search-b04-S048-aggregate,6,6,10,139342.0,21518.0,0.0,498823.0,"[""-21"",""12"",""11"",""-10"",""-40""]",0,0.4,2,1,"[""-21"",""12"",""11"",""-10"",""-40""]",0,0,0,0,search-round-02-G-2D699BBC271A-search-b04-S048-aggregate,7,7,10,136047.0,23492.0,0.0,527870.0,"[""-11"",""12"",""-25"",""-10"",""-42""]",1,1.0,5,1,"[""-11"",""12"",""-25"",""-10"",""-42""]",1,0,0,0,search-round-02-G-347400D8BFC6-search-b04-S048-aggregate,7,7,10,135688.0,24724.0,0.0,515147.0,"[""-13"",""12"",""-11"",""-10"",""-46""]",0,0.4,2,1,"[""-13"",""12"",""-11"",""-10"",""-46""]",0,0,0,0,search-round-02-G-69EC56E447B2-search-b04-S048-aggregate,7,7,10,135307.0,24113.0,0.0,515096.0,"[""-11"",""12"",""-11"",""-10"",""-50""]",0,0.6,3,1,"[""-11"",""12"",""-11"",""-10"",""-50""]",0,0,0,0,search-round-02-G-A246735BF9C3-search-b04-S048-aggregate,8,8,10,130473.0,21669.0,0.0,466479.0,"[""-11"",""12"",""-25"",""-10"",""-30""]",0,0.8,4,1,"[""-11"",""12"",""-25"",""-10"",""-30""]",0,0,0,0,search-round-02-G-A5C4CF71B956-search-b04-S048-aggregate,9,9,10,125879.0,24172.0,0.0,520151.0,"[""-11"",""12"",""-25"",""-10"",""-42""]",1,1.0,5,1,"[""-11"",""12"",""-25"",""-10"",""-42""]",1,0,0,0,search-round-02-G-AA614F215F9C-search-b04-S048-aggregate,6,6,10,139428.0,20531.0,0.0,434356.0,"[""-11"",""12"",""-25"",""-10"",""-42""]",1,1.0,5,1,"[""-11"",""12"",""-25"",""-10"",""-42""]",1,0,0,0,search-round-02-G-BF0AD01E8A72-search-b04-S048-aggregate,6,6,10,139233.0,21528.0,0.0,455436.0,"[""-11"",""12"",""-25"",""-10"",""-42""]",1,1.0,5,1,"[""-13"",""12"",""-23"",""-10"",""-50""]",0,1,0,1,search-round-02-G-C8D08DBE9D9D-search-b04-S048-aggregate,6,6,10,139342.0,21138.0,0.0,447550.0,"[""-11"",""12"",""-23"",""-10"",""-42""]",0,0.8,4,1,"[""-11"",""12"",""-23"",""-10"",""-42""]",0,0,0,0,search-round-02-G-F3EA0DB4CF72-search-b04-S048-aggregate,8,8,10,130910.0,24460.0,0.0,514096.0
