case_id,block,family,tier,truth,Vote10.prediction,Vote10.exact,Vote10.term_accuracy,Vote10.term_correct,Vote10.format_compliant,Vote10.proposal_plurality,Vote10.proposal_plurality_exact,Vote10.override,Vote10.harmful_override,Vote10.useful_override,Vote10.terminal_job_id,Vote10.completed_proposals,Vote10.valid_proposals,Vote10.calls,Vote10.input_tokens,Vote10.output_tokens,Vote10.cost_usd,Vote10.latency_ms,FIXED-SWARM10.prediction,FIXED-SWARM10.exact,FIXED-SWARM10.term_accuracy,FIXED-SWARM10.term_correct,FIXED-SWARM10.format_compliant,FIXED-SWARM10.proposal_plurality,FIXED-SWARM10.proposal_plurality_exact,FIXED-SWARM10.override,FIXED-SWARM10.harmful_override,FIXED-SWARM10.useful_override,FIXED-SWARM10.terminal_job_id,FIXED-SWARM10.completed_proposals,FIXED-SWARM10.valid_proposals,FIXED-SWARM10.calls,FIXED-SWARM10.input_tokens,FIXED-SWARM10.output_tokens,FIXED-SWARM10.cost_usd,FIXED-SWARM10.latency_ms,G-1407BDDB752D.prediction,G-1407BDDB752D.exact,G-1407BDDB752D.term_accuracy,G-1407BDDB752D.term_correct,G-1407BDDB752D.format_compliant,G-1407BDDB752D.proposal_plurality,G-1407BDDB752D.proposal_plurality_exact,G-1407BDDB752D.override,G-1407BDDB752D.harmful_override,G-1407BDDB752D.useful_override,G-1407BDDB752D.terminal_job_id,G-1407BDDB752D.completed_proposals,G-1407BDDB752D.valid_proposals,G-1407BDDB752D.calls,G-1407BDDB752D.input_tokens,G-1407BDDB752D.output_tokens,G-1407BDDB752D.cost_usd,G-1407BDDB752D.latency_ms,G-498E470E7808.prediction,G-498E470E7808.exact,G-498E470E7808.term_accuracy,G-498E470E7808.term_correct,G-498E470E7808.format_compliant,G-498E470E7808.proposal_plurality,G-498E470E7808.proposal_plurality_exact,G-498E470E7808.override,G-498E470E7808.harmful_override,G-498E470E7808.useful_override,G-498E470E7808.terminal_job_id,G-498E470E7808.completed_proposals,G-498E470E7808.valid_proposals,G-498E470E7808.calls,G-498E470E7808.input_tokens,G-498E470E7808.output_tokens,G-498E470E7808.cost_usd,G-498E470E7808.latency_ms
F001,final-b01,POLY,stress,"[""11701"",""17964"",""26619"",""38284"",""53674""]","[""11701"",""17964"",""26619"",""38284"",""53674""]",1,1.0,5,1,"[""11701"",""17964"",""26619"",""38284"",""53674""]",1,0,0,0,,10,10,10,119628.0,32470.0,0.0,645206.0,"[""8714"",""14949"",""23534"",""35059"",""50204""]",0,0.0,0,1,"[""11701"",""17964"",""26619"",""38284"",""53674""]",1,1,1,0,final-FIXED-SWARM10-final-b01-judge,5,5,10,141119.0,27094.0,0.0,543689.0,"[""8721"",""14984"",""23639"",""35304"",""50694""]",0,0.0,0,1,"[""8721"",""14984"",""23639"",""35304"",""50694""]",0,0,0,0,final-G-1407BDDB752D-final-b01-judge,7,7,10,134376.0,28527.0,0.0,605163.0,"[""11701"",""17964"",""26619"",""38284"",""53674""]",1,1.0,5,1,"[""11694"",""16517"",""23259"",""32510"",""44950""]",0,1,0,1,final-G-498E470E7808-final-b01-judge,9,9,10,125649.0,32817.0,0.0,646758.0
F002,final-b01,PDELTA,stress,"[""29"",""32"",""14"",""43"",""38""]","[""29"",""32"",""14"",""43"",""38""]",1,1.0,5,1,"[""29"",""32"",""14"",""43"",""38""]",1,0,0,0,,10,10,10,119628.0,32470.0,0.0,645206.0,"[""29"",""32"",""14"",""43"",""38""]",1,1.0,5,1,"[""29"",""32"",""14"",""43"",""38""]",1,0,0,0,final-FIXED-SWARM10-final-b01-judge,5,5,10,141119.0,27094.0,0.0,543689.0,"[""29"",""32"",""14"",""43"",""38""]",1,1.0,5,1,"[""29"",""32"",""14"",""43"",""38""]",1,0,0,0,final-G-1407BDDB752D-final-b01-judge,7,7,10,134376.0,28527.0,0.0,605163.0,"[""29"",""32"",""14"",""43"",""38""]",1,1.0,5,1,"[""29"",""32"",""14"",""43"",""38""]",1,0,0,0,final-G-498E470E7808-final-b01-judge,9,9,10,125649.0,32817.0,0.0,646758.0
F003,final-b01,PDELTA,very-hard,"[""97"",""88"",""121"",""154"",""144""]","[""97"",""88"",""121"",""154"",""144""]",1,1.0,5,1,"[""97"",""88"",""121"",""154"",""144""]",1,0,0,0,,10,10,10,119628.0,32470.0,0.0,645206.0,"[""97"",""88"",""121"",""154"",""144""]",1,1.0,5,1,"[""96"",""129"",""120"",""153"",""143""]",0,1,0,1,final-FIXED-SWARM10-final-b01-judge,5,5,10,141119.0,27094.0,0.0,543689.0,"[""97"",""88"",""121"",""154"",""144""]",1,1.0,5,1,"[""97"",""88"",""121"",""154"",""144""]",1,0,0,0,final-G-1407BDDB752D-final-b01-judge,7,7,10,134376.0,28527.0,0.0,605163.0,"[""97"",""88"",""121"",""154"",""144""]",1,1.0,5,1,"[""97"",""88"",""121"",""154"",""144""]",1,0,0,0,final-G-498E470E7808-final-b01-judge,9,9,10,125649.0,32817.0,0.0,646758.0
F004,final-b01,LIN2,hard,"[""69708"",""-168290"",""406288"",""-980866"",""2368020""]","[""69708"",""-168290"",""406288"",""-980866"",""2368020""]",1,1.0,5,1,"[""69708"",""-168290"",""406288"",""-980866"",""2368020""]",1,0,0,0,,10,10,10,119628.0,32470.0,0.0,645206.0,"[""69708"",""-168290"",""406288"",""-980866"",""2368020""]",1,1.0,5,1,"[""69708"",""-168290"",""406288"",""-980866"",""2362020""]",0,1,0,1,final-FIXED-SWARM10-final-b01-judge,5,5,10,141119.0,27094.0,0.0,543689.0,"[""69708"",""-168290"",""406288"",""-980866"",""2368020""]",1,1.0,5,1,"[""69708"",""-168290"",""406288"",""-980866"",""2368020""]",1,0,0,0,final-G-1407BDDB752D-final-b01-judge,7,7,10,134376.0,28527.0,0.0,605163.0,"[""69708"",""-168290"",""406288"",""-980866"",""2368020""]",1,1.0,5,1,"[""45788"",""-120450"",""286688"",""-693826"",""1674340""]",0,1,0,1,final-G-498E470E7808-final-b01-judge,9,9,10,125649.0,32817.0,0.0,646758.0
F005,final-b01,POLY,very-hard,"[""1381"",""1950"",""2675"",""3582"",""4699""]","[""1380"",""1949"",""2674"",""3581"",""4698""]",0,0.0,0,1,"[""1380"",""1949"",""2674"",""3581"",""4698""]",0,0,0,0,,10,10,10,119628.0,32470.0,0.0,645206.0,"[""1381"",""1950"",""2675"",""3582"",""4699""]",1,1.0,5,1,"[""1381"",""1950"",""2675"",""3582"",""4699""]",1,0,0,0,final-FIXED-SWARM10-final-b01-judge,5,5,10,141119.0,27094.0,0.0,543689.0,"[""1381"",""1950"",""2675"",""3582"",""4699""]",1,1.0,5,1,"[""1381"",""1950"",""2675"",""3582"",""4699""]",1,0,0,0,final-G-1407BDDB752D-final-b01-judge,7,7,10,134376.0,28527.0,0.0,605163.0,"[""1381"",""1950"",""2675"",""3582"",""4699""]",1,1.0,5,1,"[""1381"",""1950"",""2675"",""3582"",""4699""]",1,0,0,0,final-G-498E470E7808-final-b01-judge,9,9,10,125649.0,32817.0,0.0,646758.0
F006,final-b01,AFFINE,stress,"[""23"",""-16"",""10"",""-14"",""21""]","[""21"",""-27"",""23"",""-16"",""10""]",0,0.0,0,1,"[""21"",""-27"",""23"",""-16"",""10""]",0,0,0,0,,10,10,10,119628.0,32470.0,0.0,645206.0,"[""23"",""-16"",""10"",""-14"",""21""]",1,1.0,5,1,"[""21"",""-27"",""23"",""-16"",""10""]",0,1,0,1,final-FIXED-SWARM10-final-b01-judge,5,5,10,141119.0,27094.0,0.0,543689.0,"[""21"",""-27"",""23"",""-16"",""10""]",0,0.0,0,1,"[""21"",""-27"",""23"",""-16"",""10""]",0,0,0,0,final-G-1407BDDB752D-final-b01-judge,7,7,10,134376.0,28527.0,0.0,605163.0,"[""21"",""-27"",""23"",""-16"",""10""]",0,0.0,0,1,"[""21"",""-27"",""23"",""-16"",""10""]",0,0,0,0,final-G-498E470E7808-final-b01-judge,9,9,10,125649.0,32817.0,0.0,646758.0
F007,final-b01,LIN2,stress,"[""-59286"",""-118602"",""-237169"",""-474371"",""-948701""]","[""-59286"",""-118602"",""-237169"",""-474371"",""-948701""]",1,1.0,5,1,"[""-59286"",""-118602"",""-237169"",""-474371"",""-948701""]",1,0,0,0,,10,10,10,119628.0,32470.0,0.0,645206.0,"[""-59286"",""-118602"",""-237169"",""-474371"",""-948701""]",1,1.0,5,1,"[""-59286"",""-118602"",""-237169"",""-474371"",""-948701""]",1,0,0,0,final-FIXED-SWARM10-final-b01-judge,5,5,10,141119.0,27094.0,0.0,543689.0,"[""-59286"",""-118602"",""-237169"",""-474371"",""-948701""]",1,1.0,5,1,"[""-59286"",""-118602"",""-237169"",""-474371"",""-948701""]",1,0,0,0,final-G-1407BDDB752D-final-b01-judge,7,7,10,134376.0,28527.0,0.0,605163.0,"[""-59286"",""-118602"",""-237169"",""-474371"",""-948701""]",1,1.0,5,1,"[""-59286"",""-118602"",""-237169"",""-474371"",""-948701""]",1,0,0,0,final-G-498E470E7808-final-b01-judge,9,9,10,125649.0,32817.0,0.0,646758.0
F008,final-b01,AFFINE,very-hard,"[""7652749"",""22958251"",""-68874755"",""-206624261"",""619872781""]","[""7652749"",""-22958243"",""68874727"",""-206624177"",""619872529""]",0,0.2,1,1,"[""7652749"",""-22958243"",""68874727"",""-206624177"",""619872529""]",0,0,0,0,,10,10,10,119628.0,32470.0,0.0,645206.0,"[""7652755"",""-22958267"",""68874805"",""-206624417"",""619873255""]",0,0.0,0,1,"[""7652755"",""-22958267"",""68874805"",""-206624417"",""619873255""]",0,0,0,0,final-FIXED-SWARM10-final-b01-judge,5,5,10,141119.0,27094.0,0.0,543689.0,"[""7652749"",""22958251"",""-68874755"",""-206624261"",""619872781""]",1,1.0,5,1,"[""2551003"",""-7653011"",""22959115"",""-68877347"",""206632123""]",0,1,0,1,final-G-1407BDDB752D-final-b01-judge,7,7,10,134376.0,28527.0,0.0,605163.0,"[""7652749"",""22958251"",""-68874755"",""-206624261"",""619872781""]",1,1.0,5,1,"[""7652749"",""-22958243"",""68874727"",""-206624177"",""619872529""]",0,1,0,1,final-G-498E470E7808-final-b01-judge,9,9,10,125649.0,32817.0,0.0,646758.0
F009,final-b01,PDELTA,hard,"[""-37"",""-39"",""-43"",""-45"",""-49""]","[""-37"",""-39"",""-43"",""-45"",""-49""]",1,1.0,5,1,"[""-37"",""-39"",""-43"",""-45"",""-49""]",1,0,0,0,,10,10,10,119628.0,32470.0,0.0,645206.0,"[""-37"",""-39"",""-43"",""-45"",""-49""]",1,1.0,5,1,"[""-37"",""-39"",""-43"",""-45"",""-49""]",1,0,0,0,final-FIXED-SWARM10-final-b01-judge,5,5,10,141119.0,27094.0,0.0,543689.0,"[""-37"",""-39"",""-43"",""-45"",""-49""]",1,1.0,5,1,"[""-37"",""-39"",""-43"",""-45"",""-49""]",1,0,0,0,final-G-1407BDDB752D-final-b01-judge,7,7,10,134376.0,28527.0,0.0,605163.0,"[""-37"",""-39"",""-43"",""-45"",""-49""]",1,1.0,5,1,"[""-37"",""-39"",""-43"",""-45"",""-49""]",1,0,0,0,final-G-498E470E7808-final-b01-judge,9,9,10,125649.0,32817.0,0.0,646758.0
F010,final-b01,POLY,hard,"[""80"",""72"",""57"",""34"",""2""]","[""80"",""72"",""57"",""34"",""2""]",1,1.0,5,1,"[""80"",""72"",""57"",""34"",""2""]",1,0,0,0,,10,10,10,119628.0,32470.0,0.0,645206.0,"[""80"",""78"",""70"",""55"",""32""]",0,0.2,1,1,"[""80"",""78"",""70"",""55"",""32""]",0,0,0,0,final-FIXED-SWARM10-final-b01-judge,5,5,10,141119.0,27094.0,0.0,543689.0,"[""80"",""72"",""57"",""34"",""2""]",1,1.0,5,1,"[""80"",""72"",""57"",""34"",""2""]",1,0,0,0,final-G-1407BDDB752D-final-b01-judge,7,7,10,134376.0,28527.0,0.0,605163.0,"[""80"",""72"",""57"",""34"",""2""]",1,1.0,5,1,"[""80"",""72"",""57"",""34"",""2""]",1,0,0,0,final-G-498E470E7808-final-b01-judge,9,9,10,125649.0,32817.0,0.0,646758.0
F011,final-b01,LIN2,very-hard,"[""16"",""-13"",""-4"",""12"",""-9""]","[""-8"",""16"",""-13"",""-4"",""12""]",0,0.0,0,1,"[""-8"",""16"",""-13"",""-4"",""12""]",0,0,0,0,,10,10,10,119628.0,32470.0,0.0,645206.0,"[""16"",""-13"",""-4"",""12"",""-9""]",1,1.0,5,1,"[""16"",""-13"",""-4"",""12"",""-9""]",1,0,0,0,final-FIXED-SWARM10-final-b01-judge,5,5,10,141119.0,27094.0,0.0,543689.0,"[""-8"",""16"",""-13"",""-4"",""12""]",0,0.0,0,1,"[""16"",""-13"",""-4"",""12"",""-9""]",1,1,1,0,final-G-1407BDDB752D-final-b01-judge,7,7,10,134376.0,28527.0,0.0,605163.0,"[""-8"",""16"",""-13"",""-4"",""12""]",0,0.0,0,1,"[""16"",""-13"",""-4"",""12"",""-9""]",1,1,1,0,final-G-498E470E7808-final-b01-judge,9,9,10,125649.0,32817.0,0.0,646758.0
F012,final-b01,AFFINE,hard,"[""23209"",""-46423"",""92841"",""-185687"",""371369""]","[""23209"",""-46423"",""92841"",""-185687"",""371369""]",1,1.0,5,1,"[""23209"",""-46423"",""92841"",""-185687"",""371369""]",1,0,0,0,,10,10,10,119628.0,32470.0,0.0,645206.0,"[""23209"",""-46423"",""92841"",""-185687"",""371369""]",1,1.0,5,1,"[""23209"",""-46423"",""92841"",""-185687"",""371369""]",1,0,0,0,final-FIXED-SWARM10-final-b01-judge,5,5,10,141119.0,27094.0,0.0,543689.0,"[""23209"",""-46423"",""92841"",""-185687"",""371369""]",1,1.0,5,1,"[""23209"",""-46423"",""92841"",""-185687"",""371369""]",1,0,0,0,final-G-1407BDDB752D-final-b01-judge,7,7,10,134376.0,28527.0,0.0,605163.0,"[""23209"",""-46423"",""92841"",""-185687"",""371369""]",1,1.0,5,1,"[""23209"",""-46423"",""92841"",""-185687"",""371369""]",1,0,0,0,final-G-498E470E7808-final-b01-judge,9,9,10,125649.0,32817.0,0.0,646758.0
F013,final-b02,INTERLEAVE,very-hard,"[""-78"",""-20"",""27"",""-105"",""44""]","[""-78"",""-32"",""27"",""-105"",""64""]",0,0.6,3,1,"[""-78"",""-32"",""27"",""-105"",""64""]",0,0,0,0,,10,10,10,119148.0,25804.0,0.0,521975.0,"[""-78"",""-20"",""27"",""-105"",""44""]",1,1.0,5,1,"[""-78"",""-20"",""27"",""-105"",""44""]",1,0,0,0,final-FIXED-SWARM10-final-b02-judge,5,5,10,140493.0,20780.0,0.0,454786.0,"[""27"",""-78"",""-20"",""33"",""-105""]",0,0.0,0,1,"[""27"",""-76"",""-20"",""33"",""-101""]",0,1,0,0,final-G-1407BDDB752D-final-b02-judge,7,7,10,133778.0,25051.0,0.0,517006.0,"[""-78"",""-20"",""27"",""-105"",""44""]",1,1.0,5,1,"[""-78"",""-32"",""27"",""-105"",""64""]",0,1,0,1,final-G-498E470E7808-final-b02-judge,9,9,10,124949.0,24928.0,0.0,500208.0
F014,final-b02,GROWBLOCK,stress,"[""-78"",""-65"",""-52"",""-39"",""-26""]","[""-70"",""-57"",""-44"",""-31"",""-18""]",0,0.0,0,1,"[""-70"",""-57"",""-44"",""-31"",""-18""]",0,0,0,0,,10,10,10,119148.0,25804.0,0.0,521975.0,"[""-70"",""-57"",""-44"",""-31"",""-18""]",0,0.0,0,1,"[""-70"",""-57"",""-44"",""-31"",""-18""]",0,0,0,0,final-FIXED-SWARM10-final-b02-judge,5,5,10,140493.0,20780.0,0.0,454786.0,"[""-70"",""-57"",""-44"",""-31"",""-18""]",0,0.0,0,1,"[""-70"",""-57"",""-44"",""-31"",""-18""]",0,0,0,0,final-G-1407BDDB752D-final-b02-judge,7,7,10,133778.0,25051.0,0.0,517006.0,"[""-74"",""-61"",""-48"",""-35"",""-22""]",0,0.0,0,1,"[""-74"",""-61"",""-48"",""-35"",""-22""]",0,0,0,0,final-G-498E470E7808-final-b02-judge,9,9,10,124949.0,24928.0,0.0,500208.0
F015,final-b02,GROWBLOCK,very-hard,"[""53"",""71"",""-12"",""9"",""30""]","[""53"",""71"",""89"",""107"",""125""]",0,0.4,2,1,"[""53"",""71"",""89"",""107"",""125""]",0,0,0,0,,10,10,10,119148.0,25804.0,0.0,521975.0,"[""-48"",""-27"",""-6"",""15"",""36""]",0,0.0,0,1,"[""-48"",""-27"",""-6"",""15"",""36""]",0,0,0,0,final-FIXED-SWARM10-final-b02-judge,5,5,10,140493.0,20780.0,0.0,454786.0,"[""53"",""-10"",""11"",""32"",""53""]",0,0.2,1,1,"[""53"",""-10"",""11"",""32"",""53""]",0,0,0,0,final-G-1407BDDB752D-final-b02-judge,7,7,10,133778.0,25051.0,0.0,517006.0,"[""69"",""87"",""107"",""129"",""153""]",0,0.0,0,1,"[""69"",""87"",""107"",""129"",""153""]",0,0,0,0,final-G-498E470E7808-final-b02-judge,9,9,10,124949.0,24928.0,0.0,500208.0
F016,final-b02,MODAFFINE,hard,"[""2"",""26"",""11"",""25"",""7""]","[""107"",""76"",""63"",""357"",""262""]",0,0.0,0,1,"[""107"",""76"",""63"",""357"",""262""]",0,0,0,0,,10,10,10,119148.0,25804.0,0.0,521975.0,"[""21"",""41"",""20"",""26"",""49""]",0,0.0,0,1,"[""21"",""41"",""20"",""26"",""49""]",0,0,0,0,final-FIXED-SWARM10-final-b02-judge,5,5,10,140493.0,20780.0,0.0,454786.0,"[""-20"",""46"",""-5"",""67"",""-25""]",0,0.0,0,1,"[""-20"",""46"",""-5"",""67"",""-25""]",0,0,0,0,final-G-1407BDDB752D-final-b02-judge,7,7,10,133778.0,25051.0,0.0,517006.0,"[""-8"",""20"",""24"",""3"",""31""]",0,0.0,0,1,"[""-8"",""28"",""50"",""-3"",""48""]",0,1,0,0,final-G-498E470E7808-final-b02-judge,9,9,10,124949.0,24928.0,0.0,500208.0
F017,final-b02,INTERLEAVE,stress,"[""310"",""70"",""-133"",""-618"",""130""]","[""-218"",""40"",""-127"",""-290"",""88""]",0,0.0,0,1,"[""-218"",""40"",""-127"",""-290"",""88""]",0,0,0,0,,10,10,10,119148.0,25804.0,0.0,521975.0,"[""310"",""72"",""-126"",""-618"",""166""]",0,0.4,2,1,"[""310"",""72"",""-126"",""-618"",""166""]",0,0,0,0,final-FIXED-SWARM10-final-b02-judge,5,5,10,140493.0,20780.0,0.0,454786.0,"[""310"",""70"",""-133"",""-928"",""130""]",0,0.8,4,1,"[""464"",""70"",""-133"",""-928"",""130""]",0,1,0,0,final-G-1407BDDB752D-final-b02-judge,7,7,10,133778.0,25051.0,0.0,517006.0,"[""310"",""72"",""-133"",""-618"",""136""]",0,0.6,3,1,"[""310"",""72"",""-133"",""-618"",""136""]",0,0,0,0,final-G-498E470E7808-final-b02-judge,9,9,10,124949.0,24928.0,0.0,500208.0
F018,final-b02,MODAFFINE,stress,"[""55"",""74"",""25"",""41"",""51""]","[""-12"",""81"",""-18"",""93"",""-24""]",0,0.0,0,1,"[""-12"",""81"",""-18"",""93"",""-24""]",0,0,0,0,,10,10,10,119148.0,25804.0,0.0,521975.0,"[""-12"",""89"",""-35"",""116"",""-64""]",0,0.0,0,1,"[""-12"",""89"",""-35"",""116"",""-64""]",0,0,0,0,final-FIXED-SWARM10-final-b02-judge,5,5,10,140493.0,20780.0,0.0,454786.0,"[""18"",""81"",""-7"",""97"",""24""]",0,0.0,0,1,"[""18"",""81"",""-7"",""97"",""24""]",0,0,0,0,final-G-1407BDDB752D-final-b02-judge,7,7,10,133778.0,25051.0,0.0,517006.0,"[""-19"",""91"",""-4"",""117"",""-31""]",0,0.0,0,1,"[""38"",""87"",""17"",""101"",""-6""]",0,1,0,0,final-G-498E470E7808-final-b02-judge,9,9,10,124949.0,24928.0,0.0,500208.0
F019,final-b02,INTERLEAVE,hard,"[""62"",""-23"",""88"",""41"",""118""]","[""62"",""-23"",""88"",""41"",""118""]",1,1.0,5,1,"[""62"",""-23"",""88"",""41"",""118""]",1,0,0,0,,10,10,10,119148.0,25804.0,0.0,521975.0,"[""62"",""-23"",""88"",""41"",""118""]",1,1.0,5,1,"[""62"",""-23"",""88"",""32"",""118""]",0,1,0,1,final-FIXED-SWARM10-final-b02-judge,5,5,10,140493.0,20780.0,0.0,454786.0,"[""62"",""-23"",""88"",""41"",""118""]",1,1.0,5,1,"[""62"",""-23"",""88"",""41"",""118""]",1,0,0,0,final-G-1407BDDB752D-final-b02-judge,7,7,10,133778.0,25051.0,0.0,517006.0,"[""62"",""-23"",""86"",""41"",""112""]",0,0.6,3,1,"[""62"",""-23"",""86"",""41"",""112""]",0,0,0,0,final-G-498E470E7808-final-b02-judge,9,9,10,124949.0,24928.0,0.0,500208.0
F020,final-b02,LAGPOLY,very-hard,"[""-44"",""46"",""27"",""-71"",""69""]","[""27"",""-27"",""48"",""40"",""-37""]",0,0.0,0,1,"[""27"",""-27"",""48"",""40"",""-37""]",0,0,0,0,,10,10,10,119148.0,25804.0,0.0,521975.0,"[""-44"",""46"",""27"",""-66"",""69""]",0,0.8,4,1,"[""-44"",""46"",""27"",""-66"",""69""]",0,0,0,0,final-FIXED-SWARM10-final-b02-judge,5,5,10,140493.0,20780.0,0.0,454786.0,"[""-44"",""46"",""27"",""-66"",""64""]",0,0.6,3,1,"[""-44"",""46"",""27"",""-66"",""64""]",0,0,0,0,final-G-1407BDDB752D-final-b02-judge,7,7,10,133778.0,25051.0,0.0,517006.0,"[""27"",""-44"",""46"",""-66"",""64""]",0,0.0,0,1,"[""27"",""-44"",""46"",""-66"",""64""]",0,0,0,0,final-G-498E470E7808-final-b02-judge,9,9,10,124949.0,24928.0,0.0,500208.0
F021,final-b02,GROWBLOCK,hard,"[""-33"",""-38"",""-22"",""-27"",""-32""]","[""-33"",""-38"",""-22"",""-27"",""-32""]",1,1.0,5,1,"[""-33"",""-38"",""-22"",""-27"",""-32""]",1,0,0,0,,10,10,10,119148.0,25804.0,0.0,521975.0,"[""-34"",""-39"",""-28"",""-33"",""-38""]",0,0.0,0,1,"[""-34"",""-39"",""-28"",""-33"",""-38""]",0,0,0,0,final-FIXED-SWARM10-final-b02-judge,5,5,10,140493.0,20780.0,0.0,454786.0,"[""-33"",""-38"",""-43"",""-48"",""-32""]",0,0.6,3,1,"[""-33"",""-38"",""-22"",""-27"",""-32""]",1,1,1,0,final-G-1407BDDB752D-final-b02-judge,7,7,10,133778.0,25051.0,0.0,517006.0,"[""-12"",""-17"",""-22"",""-27"",""-32""]",0,0.6,3,1,"[""-33"",""-38"",""-22"",""-27"",""-32""]",1,1,1,0,final-G-498E470E7808-final-b02-judge,9,9,10,124949.0,24928.0,0.0,500208.0
F022,final-b02,MODAFFINE,very-hard,"[""30"",""44"",""41"",""26"",""24""]","[""-31"",""89"",""-54"",""107"",""-82""]",0,0.0,0,1,"[""-31"",""89"",""-54"",""107"",""-82""]",0,0,0,0,,10,10,10,119148.0,25804.0,0.0,521975.0,"[""-19"",""91"",""-48"",""114"",""-79""]",0,0.0,0,1,"[""-19"",""91"",""-48"",""114"",""-79""]",0,0,0,0,final-FIXED-SWARM10-final-b02-judge,5,5,10,140493.0,20780.0,0.0,454786.0,"[""-46"",""29"",""-13"",""64"",""-31""]",0,0.0,0,1,"[""-46"",""29"",""-13"",""64"",""-31""]",0,0,0,0,final-G-1407BDDB752D-final-b02-judge,7,7,10,133778.0,25051.0,0.0,517006.0,"[""42"",""-13"",""-1"",""84"",""-30""]",0,0.0,0,1,"[""42"",""-13"",""-1"",""84"",""-30""]",0,0,0,0,final-G-498E470E7808-final-b02-judge,9,9,10,124949.0,24928.0,0.0,500208.0
F023,final-b02,LAGPOLY,hard,"[""14"",""-6"",""15"",""-8"",""16""]","[""14"",""-6"",""15"",""-8"",""16""]",1,1.0,5,1,"[""14"",""-6"",""15"",""-8"",""16""]",1,0,0,0,,10,10,10,119148.0,25804.0,0.0,521975.0,"[""14"",""-6"",""15"",""-8"",""16""]",1,1.0,5,1,"[""-6"",""14"",""-8"",""15"",""-10""]",0,1,0,1,final-FIXED-SWARM10-final-b02-judge,5,5,10,140493.0,20780.0,0.0,454786.0,"[""14"",""-6"",""15"",""-8"",""16""]",1,1.0,5,1,"[""14"",""-6"",""15"",""-8"",""16""]",1,0,0,0,final-G-1407BDDB752D-final-b02-judge,7,7,10,133778.0,25051.0,0.0,517006.0,"[""14"",""-6"",""15"",""-8"",""16""]",1,1.0,5,1,"[""14"",""-6"",""15"",""-8"",""16""]",1,0,0,0,final-G-498E470E7808-final-b02-judge,9,9,10,124949.0,24928.0,0.0,500208.0
F024,final-b02,LAGPOLY,stress,"[""98"",""-171"",""114"",""169"",""-293""]","[""-119"",""119"",""98"",""-179"",""156""]",0,0.0,0,1,"[""-119"",""119"",""98"",""-179"",""156""]",0,0,0,0,,10,10,10,119148.0,25804.0,0.0,521975.0,"[""114"",""98"",""-171"",""151"",""169""]",0,0.0,0,1,"[""114"",""98"",""-171"",""151"",""169""]",0,0,0,0,final-FIXED-SWARM10-final-b02-judge,5,5,10,140493.0,20780.0,0.0,454786.0,"[""109"",""-122"",""164"",""-158"",""231""]",0,0.0,0,1,"[""109"",""-122"",""164"",""-158"",""231""]",0,0,0,0,final-G-1407BDDB752D-final-b02-judge,7,7,10,133778.0,25051.0,0.0,517006.0,"[""98"",""-171"",""114"",""169"",""-293""]",1,1.0,5,1,"[""98"",""-171"",""114"",""169"",""-293""]",1,0,0,0,final-G-498E470E7808-final-b02-judge,9,9,10,124949.0,24928.0,0.0,500208.0
F025,final-b03,POLY,stress,"[""7634"",""11553"",""16852"",""23855"",""32932""]","[""7634"",""11553"",""16852"",""23855"",""32932""]",1,1.0,5,1,"[""7634"",""11553"",""16852"",""23855"",""32932""]",1,0,0,0,,10,10,10,119678.0,33383.0,0.0,658130.0,"[""7634"",""11550"",""16840"",""23825"",""32872""]",0,0.2,1,1,"[""6776"",""9562"",""13413"",""18610"",""25477""]",0,1,0,0,final-FIXED-SWARM10-final-b03-judge,5,5,10,142483.0,26013.0,0.0,529506.0,"[""7631"",""11538"",""16807"",""23750"",""32722""]",0,0.0,0,1,"[""7634"",""11553"",""16852"",""23855"",""32932""]",1,1,1,0,final-G-1407BDDB752D-final-b03-judge,7,7,10,134739.0,32785.0,0.0,651463.0,"[""7634"",""11555"",""16863"",""23890"",""33017""]",0,0.2,1,1,"[""7631"",""11538"",""16807"",""23750"",""32714""]",0,1,0,0,final-G-498E470E7808-final-b03-judge,9,9,10,125712.0,34720.0,0.0,675411.0
F026,final-b03,AFFINE,stress,"[""-19933087"",""59799266"",""-179397805"",""-358795615"",""1076386850""]","[""-19933087"",""59799266"",""-179397805"",""-358795615"",""1076386840""]",0,0.8,4,1,"[""-19933087"",""59799266"",""-179397805"",""-358795615"",""1076386840""]",0,0,0,0,,10,10,10,119678.0,33383.0,0.0,658130.0,"[""-19933087"",""59799266"",""-179397805"",""-358795615"",""1076386850""]",1,1.0,5,1,"[""-19933087"",""59799266"",""-179397805"",""-358795615"",""1076386850""]",1,0,0,0,final-FIXED-SWARM10-final-b03-judge,5,5,10,142483.0,26013.0,0.0,529506.0,"[""-19933087"",""59799266"",""-179397805"",""-358795615"",""1076386850""]",1,1.0,5,1,"[""-19933077"",""59799236"",""-179397715"",""-358795435"",""1076386310""]",0,1,0,1,final-G-1407BDDB752D-final-b03-judge,7,7,10,134739.0,32785.0,0.0,651463.0,"[""-19933087"",""59799266"",""-179397805"",""-358795615"",""1076386850""]",1,1.0,5,1,"[""-19933087"",""59799266"",""-179397805"",""-358795615"",""1076386838""]",0,1,0,1,final-G-498E470E7808-final-b03-judge,9,9,10,125712.0,34720.0,0.0,675411.0
F027,final-b03,AFFINE,hard,"[""-25943"",""51881"",""-103767"",""207529"",""-415063""]","[""-25943"",""51881"",""-103767"",""207529"",""-415063""]",1,1.0,5,1,"[""-25943"",""51881"",""-103767"",""207529"",""-415063""]",1,0,0,0,,10,10,10,119678.0,33383.0,0.0,658130.0,"[""-25943"",""51881"",""-103767"",""207529"",""-415063""]",1,1.0,5,1,"[""-25943"",""51881"",""-103767"",""207529"",""-415063""]",1,0,0,0,final-FIXED-SWARM10-final-b03-judge,5,5,10,142483.0,26013.0,0.0,529506.0,"[""-25943"",""51881"",""-103767"",""207529"",""-415063""]",1,1.0,5,1,"[""-25943"",""51881"",""-103767"",""207529"",""-415063""]",1,0,0,0,final-G-1407BDDB752D-final-b03-judge,7,7,10,134739.0,32785.0,0.0,651463.0,"[""-25943"",""51881"",""-103767"",""207529"",""-415063""]",1,1.0,5,1,"[""-25943"",""51881"",""-103767"",""207529"",""-415063""]",1,0,0,0,final-G-498E470E7808-final-b03-judge,9,9,10,125712.0,34720.0,0.0,675411.0
F028,final-b03,LIN2,hard,"[""382"",""615"",""992"",""1602"",""2589""]","[""382"",""615"",""992"",""1602"",""2589""]",1,1.0,5,1,"[""382"",""615"",""992"",""1602"",""2589""]",1,0,0,0,,10,10,10,119678.0,33383.0,0.0,658130.0,"[""382"",""615"",""992"",""1602"",""2589""]",1,1.0,5,1,"[""382"",""615"",""992"",""1602"",""2589""]",1,0,0,0,final-FIXED-SWARM10-final-b03-judge,5,5,10,142483.0,26013.0,0.0,529506.0,"[""382"",""615"",""992"",""1602"",""2589""]",1,1.0,5,1,"[""382"",""615"",""992"",""1602"",""2589""]",1,0,0,0,final-G-1407BDDB752D-final-b03-judge,7,7,10,134739.0,32785.0,0.0,651463.0,"[""382"",""615"",""992"",""1602"",""2589""]",1,1.0,5,1,"[""382"",""615"",""992"",""1602"",""2589""]",1,0,0,0,final-G-498E470E7808-final-b03-judge,9,9,10,125712.0,34720.0,0.0,675411.0
F029,final-b03,PDELTA,hard,"[""-31"",""-33"",""-38"",""-40"",""-45""]","[""-28"",""-33"",""-35"",""-40"",""-42""]",0,0.4,2,1,"[""-28"",""-33"",""-35"",""-40"",""-42""]",0,0,0,0,,10,10,10,119678.0,33383.0,0.0,658130.0,"[""-28"",""-30"",""-35"",""-37"",""-42""]",0,0.0,0,1,"[""-28"",""-33"",""-35"",""-40"",""-42""]",0,1,0,0,final-FIXED-SWARM10-final-b03-judge,5,5,10,142483.0,26013.0,0.0,529506.0,"[""-28"",""-33"",""-35"",""-40"",""-42""]",0,0.4,2,1,"[""-28"",""-33"",""-35"",""-40"",""-42""]",0,0,0,0,final-G-1407BDDB752D-final-b03-judge,7,7,10,134739.0,32785.0,0.0,651463.0,"[""-28"",""-33"",""-35"",""-40"",""-42""]",0,0.4,2,1,"[""-28"",""-33"",""-35"",""-40"",""-42""]",0,0,0,0,final-G-498E470E7808-final-b03-judge,9,9,10,125712.0,34720.0,0.0,675411.0
F030,final-b03,LIN2,very-hard,"[""929"",""-1611"",""-3467"",""-239"",""6697""]","[""-44"",""-1030"",""614"",""4234"",""1643""]",0,0.0,0,1,"[""-44"",""-1030"",""614"",""4234"",""1643""]",0,0,0,0,,10,10,10,119678.0,33383.0,0.0,658130.0,"[""-235"",""-471"",""-947"",""-1903"",""-3815""]",0,0.0,0,1,"[""-1595"",""-2875"",""-5171"",""-9319"",""-16775""]",0,1,0,0,final-FIXED-SWARM10-final-b03-judge,5,5,10,142483.0,26013.0,0.0,529506.0,"[""-267"",""-1187"",""-2679"",""-5267"",""-9059""]",0,0.0,0,1,"[""-267"",""-1187"",""-2679"",""-5267"",""-9059""]",0,0,0,0,final-G-1407BDDB752D-final-b03-judge,7,7,10,134739.0,32785.0,0.0,651463.0,"[""-1177"",""-1447"",""-2557"",""-3527"",""-6781""]",0,0.0,0,1,"[""-1177"",""-1447"",""-2557"",""-3527"",""-6781""]",0,0,0,0,final-G-498E470E7808-final-b03-judge,9,9,10,125712.0,34720.0,0.0,675411.0
F031,final-b03,PDELTA,very-hard,"[""-3"",""37"",""10"",""57"",""27""]","[""-3"",""37"",""10"",""57"",""27""]",1,1.0,5,1,"[""-3"",""37"",""10"",""57"",""27""]",1,0,0,0,,10,10,10,119678.0,33383.0,0.0,658130.0,"[""21"",""-3"",""37"",""10"",""57""]",0,0.0,0,1,"[""-2"",""37"",""11"",""55"",""28""]",0,1,0,0,final-FIXED-SWARM10-final-b03-judge,5,5,10,142483.0,26013.0,0.0,529506.0,"[""-3"",""37"",""10"",""57"",""23""]",0,0.8,4,1,"[""-3"",""37"",""10"",""57"",""23""]",0,0,0,0,final-G-1407BDDB752D-final-b03-judge,7,7,10,134739.0,32785.0,0.0,651463.0,"[""-3"",""37"",""10"",""57"",""27""]",1,1.0,5,1,"[""-3"",""37"",""10"",""57"",""27""]",1,0,0,0,final-G-498E470E7808-final-b03-judge,9,9,10,125712.0,34720.0,0.0,675411.0
F032,final-b03,PDELTA,stress,"[""94"",""136"",""118"",""163"",""224""]","[""70"",""86"",""61"",""101"",""116""]",0,0.0,0,1,"[""70"",""86"",""61"",""101"",""116""]",0,0,0,0,,10,10,10,119678.0,33383.0,0.0,658130.0,"[""87"",""48"",""128"",""62"",""183""]",0,0.0,0,1,"[""87"",""48"",""128"",""62"",""183""]",0,0,0,0,final-FIXED-SWARM10-final-b03-judge,5,5,10,142483.0,26013.0,0.0,529506.0,"[""68"",""44"",""92"",""59"",""125""]",0,0.0,0,1,"[""68"",""44"",""92"",""59"",""125""]",0,0,0,0,final-G-1407BDDB752D-final-b03-judge,7,7,10,134739.0,32785.0,0.0,651463.0,"[""55"",""97"",""79"",""124"",""185""]",0,0.0,0,1,"[""55"",""97"",""79"",""124"",""185""]",0,0,0,0,final-G-498E470E7808-final-b03-judge,9,9,10,125712.0,34720.0,0.0,675411.0
F033,final-b03,LIN2,stress,"[""-7198"",""-11639"",""-18835"",""-30483"",""-49315""]","[""-7198"",""-11639"",""-18835"",""-30483"",""-49315""]",1,1.0,5,1,"[""-7198"",""-11639"",""-18835"",""-30483"",""-49315""]",1,0,0,0,,10,10,10,119678.0,33383.0,0.0,658130.0,"[""-7198"",""-11639"",""-18835"",""-30483"",""-49315""]",1,1.0,5,1,"[""-7198"",""-11639"",""-18835"",""-30471"",""-49304""]",0,1,0,1,final-FIXED-SWARM10-final-b03-judge,5,5,10,142483.0,26013.0,0.0,529506.0,"[""-7198"",""-11639"",""-18835"",""-30483"",""-49315""]",1,1.0,5,1,"[""-7198"",""-11639"",""-18835"",""-30483"",""-49315""]",1,0,0,0,final-G-1407BDDB752D-final-b03-judge,7,7,10,134739.0,32785.0,0.0,651463.0,"[""-7198"",""-11639"",""-18835"",""-30483"",""-49315""]",1,1.0,5,1,"[""-7198"",""-11639"",""-18835"",""-30483"",""-49315""]",1,0,0,0,final-G-498E470E7808-final-b03-judge,9,9,10,125712.0,34720.0,0.0,675411.0
F034,final-b03,POLY,very-hard,"[""3923"",""5393"",""7235"",""9506"",""12267""]","[""3923"",""5393"",""7235"",""9506"",""12267""]",1,1.0,5,1,"[""3923"",""5393"",""7235"",""9506"",""12267""]",1,0,0,0,,10,10,10,119678.0,33383.0,0.0,658130.0,"[""3923"",""5393"",""7182"",""9343"",""11933""]",0,0.4,2,1,"[""3903"",""5311"",""7025"",""9074"",""11489""]",0,1,0,0,final-FIXED-SWARM10-final-b03-judge,5,5,10,142483.0,26013.0,0.0,529506.0,"[""3923"",""5393"",""7235"",""9506"",""12267""]",1,1.0,5,1,"[""3923"",""5393"",""7235"",""9506"",""12267""]",1,0,0,0,final-G-1407BDDB752D-final-b03-judge,7,7,10,134739.0,32785.0,0.0,651463.0,"[""3923"",""5393"",""7235"",""9506"",""12267""]",1,1.0,5,1,"[""3923"",""5393"",""7235"",""9506"",""12267""]",1,0,0,0,final-G-498E470E7808-final-b03-judge,9,9,10,125712.0,34720.0,0.0,675411.0
F035,final-b03,AFFINE,very-hard,"[""-79982"",""-239947"",""479890"",""1439669"",""-2879342""]","[""-79982"",""-239947"",""479890"",""1439669"",""-2879342""]",1,1.0,5,1,"[""-79982"",""-239947"",""479890"",""1439669"",""-2879342""]",1,0,0,0,,10,10,10,119678.0,33383.0,0.0,658130.0,"[""-79982"",""-239947"",""479890"",""1439669"",""-2879342""]",1,1.0,5,1,"[""-79982"",""-239947"",""479890"",""1439669"",""-2879342""]",1,0,0,0,final-FIXED-SWARM10-final-b03-judge,5,5,10,142483.0,26013.0,0.0,529506.0,"[""-79982"",""-239947"",""479890"",""1439669"",""-2879342""]",1,1.0,5,1,"[""-79982"",""-239947"",""479890"",""1439669"",""-2879342""]",1,0,0,0,final-G-1407BDDB752D-final-b03-judge,7,7,10,134739.0,32785.0,0.0,651463.0,"[""119966"",""-239936"",""-719809"",""1439614"",""4318841""]",0,0.0,0,1,"[""-79982"",""-239947"",""479890"",""1439669"",""-2879342""]",1,1,1,0,final-G-498E470E7808-final-b03-judge,9,9,10,125712.0,34720.0,0.0,675411.0
F036,final-b03,POLY,hard,"[""-386"",""-514"",""-666"",""-844"",""-1050""]","[""-386"",""-514"",""-666"",""-844"",""-1022""]",0,0.8,4,1,"[""-386"",""-514"",""-666"",""-844"",""-1022""]",0,0,0,0,,10,10,10,119678.0,33383.0,0.0,658130.0,"[""-386"",""-514"",""-666"",""-844"",""-1050""]",1,1.0,5,1,"[""-386"",""-514"",""-666"",""-844"",""-1050""]",1,0,0,0,final-FIXED-SWARM10-final-b03-judge,5,5,10,142483.0,26013.0,0.0,529506.0,"[""-386"",""-514"",""-666"",""-844"",""-1050""]",1,1.0,5,1,"[""-386"",""-514"",""-666"",""-844"",""-1050""]",1,0,0,0,final-G-1407BDDB752D-final-b03-judge,7,7,10,134739.0,32785.0,0.0,651463.0,"[""-386"",""-514"",""-666"",""-844"",""-1050""]",1,1.0,5,1,"[""-386"",""-514"",""-666"",""-844"",""-1050""]",1,0,0,0,final-G-498E470E7808-final-b03-judge,9,9,10,125712.0,34720.0,0.0,675411.0
F037,final-b04,INTERLEAVE,very-hard,"[""41"",""2"",""-7"",""54"",""2""]","[""41"",""2"",""-7"",""54"",""2""]",1,1.0,5,1,"[""41"",""2"",""-7"",""54"",""2""]",1,0,0,0,,10,10,10,119138.0,23029.0,0.0,471378.0,"[""-7"",""41"",""2"",""-6"",""54""]",0,0.0,0,1,"[""-7"",""41"",""2"",""-6"",""54""]",0,0,0,0,final-FIXED-SWARM10-final-b04-judge,5,5,10,140434.0,19240.0,0.0,403721.0,"[""-7"",""41"",""2"",""-6"",""54""]",0,0.0,0,1,"[""-7"",""41"",""2"",""-6"",""54""]",0,0,0,0,final-G-1407BDDB752D-final-b04-judge,7,7,10,133704.0,21249.0,0.0,464676.0,"[""-7"",""41"",""2"",""-6"",""54""]",0,0.0,0,1,"[""41"",""2"",""-7"",""54"",""2""]",1,1,1,0,final-G-498E470E7808-final-b04-judge,9,9,10,124892.0,22498.0,0.0,462849.0
F038,final-b04,LAGPOLY,stress,"[""34"",""-74"",""-52"",""18"",""-154""]","[""34"",""-52"",""-74"",""49"",""-17""]",0,0.2,1,1,"[""34"",""-52"",""-74"",""49"",""-17""]",0,0,0,0,,10,10,10,119138.0,23029.0,0.0,471378.0,"[""-74"",""-52"",""43"",""-154"",""-81""]",0,0.0,0,1,"[""-74"",""-52"",""43"",""-154"",""-81""]",0,0,0,0,final-FIXED-SWARM10-final-b04-judge,5,5,10,140434.0,19240.0,0.0,403721.0,"[""-52"",""43"",""-73"",""-72"",""49""]",0,0.0,0,1,"[""-52"",""43"",""-73"",""-72"",""49""]",0,0,0,0,final-G-1407BDDB752D-final-b04-judge,7,7,10,133704.0,21249.0,0.0,464676.0,"[""-39"",""-43"",""-47"",""-51"",""-55""]",0,0.0,0,1,"[""-39"",""-43"",""-47"",""-51"",""-55""]",0,0,0,0,final-G-498E470E7808-final-b04-judge,9,9,10,124892.0,22498.0,0.0,462849.0
F039,final-b04,MODAFFINE,stress,"[""17"",""0"",""10"",""16"",""74""]","[""-45"",""-18"",""64"",""-75"",""88""]",0,0.0,0,1,"[""-45"",""-18"",""64"",""-75"",""88""]",0,0,0,0,,10,10,10,119138.0,23029.0,0.0,471378.0,"[""-20"",""68"",""85"",""31"",""94""]",0,0.0,0,1,"[""-20"",""68"",""85"",""31"",""94""]",0,0,0,0,final-FIXED-SWARM10-final-b04-judge,5,5,10,140434.0,19240.0,0.0,403721.0,"[""150"",""155"",""-105"",""297"",""283""]",0,0.0,0,1,"[""150"",""155"",""-105"",""297"",""283""]",0,0,0,0,final-G-1407BDDB752D-final-b04-judge,7,7,10,133704.0,21249.0,0.0,464676.0,"[""-16"",""75"",""-8"",""91"",""-4""]",0,0.0,0,1,"[""-16"",""75"",""-8"",""91"",""-4""]",0,0,0,0,final-G-498E470E7808-final-b04-judge,9,9,10,124892.0,22498.0,0.0,462849.0
F040,final-b04,LAGPOLY,hard,"[""-16"",""3"",""-18"",""2"",""-20""]","[""-16"",""3"",""-18"",""2"",""-20""]",1,1.0,5,1,"[""-16"",""3"",""-18"",""2"",""-20""]",1,0,0,0,,10,10,10,119138.0,23029.0,0.0,471378.0,"[""-16"",""3"",""-18"",""2"",""-20""]",1,1.0,5,1,"[""-16"",""3"",""-18"",""2"",""-20""]",1,0,0,0,final-FIXED-SWARM10-final-b04-judge,5,5,10,140434.0,19240.0,0.0,403721.0,"[""-16"",""3"",""-18"",""2"",""-20""]",1,1.0,5,1,"[""-16"",""3"",""-18"",""2"",""-20""]",1,0,0,0,final-G-1407BDDB752D-final-b04-judge,7,7,10,133704.0,21249.0,0.0,464676.0,"[""-16"",""3"",""-18"",""2"",""-20""]",1,1.0,5,1,"[""-16"",""3"",""-18"",""2"",""-20""]",1,0,0,0,final-G-498E470E7808-final-b04-judge,9,9,10,124892.0,22498.0,0.0,462849.0
F041,final-b04,MODAFFINE,very-hard,"[""26"",""38"",""14"",""21"",""7""]","[""-13"",""47"",""-6"",""58"",""-1""]",0,0.0,0,1,"[""-13"",""47"",""-6"",""58"",""-1""]",0,0,0,0,,10,10,10,119138.0,23029.0,0.0,471378.0,"[""20"",""57"",""3"",""75"",""-6""]",0,0.0,0,1,"[""20"",""57"",""3"",""75"",""-6""]",0,0,0,0,final-FIXED-SWARM10-final-b04-judge,5,5,10,140434.0,19240.0,0.0,403721.0,"[""12"",""45"",""35"",""15"",""51""]",0,0.0,0,1,"[""12"",""45"",""35"",""15"",""51""]",0,0,0,0,final-G-1407BDDB752D-final-b04-judge,7,7,10,133704.0,21249.0,0.0,464676.0,"[""27"",""-2"",""29"",""-5"",""31""]",0,0.0,0,1,"[""27"",""-2"",""29"",""-5"",""31""]",0,0,0,0,final-G-498E470E7808-final-b04-judge,9,9,10,124892.0,22498.0,0.0,462849.0
F042,final-b04,GROWBLOCK,stress,"[""24"",""65"",""106"",""147"",""188""]","[""146"",""179"",""212"",""245"",""278""]",0,0.0,0,1,"[""146"",""179"",""212"",""245"",""278""]",0,0,0,0,,10,10,10,119138.0,23029.0,0.0,471378.0,"[""146"",""179"",""212"",""245"",""278""]",0,0.0,0,1,"[""146"",""179"",""212"",""245"",""278""]",0,0,0,0,final-FIXED-SWARM10-final-b04-judge,5,5,10,140434.0,19240.0,0.0,403721.0,"[""146"",""179"",""212"",""245"",""278""]",0,0.0,0,1,"[""146"",""179"",""212"",""245"",""278""]",0,0,0,0,final-G-1407BDDB752D-final-b04-judge,7,7,10,133704.0,21249.0,0.0,464676.0,"[""146"",""179"",""212"",""245"",""278""]",0,0.0,0,1,"[""146"",""179"",""212"",""245"",""278""]",0,0,0,0,final-G-498E470E7808-final-b04-judge,9,9,10,124892.0,22498.0,0.0,462849.0
F043,final-b04,GROWBLOCK,hard,"[""7"",""4"",""21"",""18"",""15""]","[""27"",""24"",""21"",""38"",""35""]",0,0.2,1,1,"[""27"",""24"",""21"",""38"",""35""]",0,0,0,0,,10,10,10,119138.0,23029.0,0.0,471378.0,"[""27"",""24"",""21"",""18"",""15""]",0,0.6,3,1,"[""7"",""4"",""21"",""18"",""15""]",1,1,1,0,final-FIXED-SWARM10-final-b04-judge,5,5,10,140434.0,19240.0,0.0,403721.0,"[""27"",""21"",""4"",""41"",""34""]",0,0.0,0,1,"[""27"",""21"",""4"",""41"",""34""]",0,0,0,0,final-G-1407BDDB752D-final-b04-judge,7,7,10,133704.0,21249.0,0.0,464676.0,"[""27"",""24"",""21"",""18"",""15""]",0,0.6,3,1,"[""27"",""24"",""49"",""41"",""35""]",0,1,0,0,final-G-498E470E7808-final-b04-judge,9,9,10,124892.0,22498.0,0.0,462849.0
F044,final-b04,MODAFFINE,hard,"[""11"",""18"",""10"",""13"",""28""]","[""101"",""-5"",""-105"",""228"",""-144""]",0,0.0,0,1,"[""101"",""-5"",""-105"",""228"",""-144""]",0,0,0,0,,10,10,10,119138.0,23029.0,0.0,471378.0,"[""12"",""27"",""57"",""24"",""18""]",0,0.0,0,1,"[""12"",""27"",""57"",""24"",""18""]",0,0,0,0,final-FIXED-SWARM10-final-b04-judge,5,5,10,140434.0,19240.0,0.0,403721.0,"[""20"",""66"",""78"",""-34"",""26""]",0,0.0,0,1,"[""18"",""48"",""-6"",""54"",""-18""]",0,1,0,0,final-G-1407BDDB752D-final-b04-judge,7,7,10,133704.0,21249.0,0.0,464676.0,"[""101"",""-30"",""-78"",""228"",""-141""]",0,0.0,0,1,"[""101"",""-30"",""-78"",""228"",""-141""]",0,0,0,0,final-G-498E470E7808-final-b04-judge,9,9,10,124892.0,22498.0,0.0,462849.0
F045,final-b04,LAGPOLY,very-hard,"[""37"",""-57"",""21"",""65"",""-87""]","[""21"",""23"",""-41"",""21"",""44""]",0,0.0,0,1,"[""21"",""23"",""-41"",""21"",""44""]",0,0,0,0,,10,10,10,119138.0,23029.0,0.0,471378.0,"[""37"",""-57"",""21"",""65"",""-87""]",1,1.0,5,1,"[""37"",""-41"",""21"",""65"",""-55""]",0,1,0,1,final-FIXED-SWARM10-final-b04-judge,5,5,10,140434.0,19240.0,0.0,403721.0,"[""37"",""-57"",""21"",""65"",""-87""]",1,1.0,5,1,"[""21"",""37"",""-75"",""22"",""65""]",0,1,0,1,final-G-1407BDDB752D-final-b04-judge,7,7,10,133704.0,21249.0,0.0,464676.0,"[""21"",""30"",""-57"",""21"",""37""]",0,0.0,0,1,"[""21"",""30"",""-59"",""51"",""-91""]",0,1,0,0,final-G-498E470E7808-final-b04-judge,9,9,10,124892.0,22498.0,0.0,462849.0
F046,final-b04,GROWBLOCK,very-hard,"[""-2"",""20"",""17"",""14"",""11""]","[""-2"",""-3"",""-4"",""-5"",""-6""]",0,0.2,1,1,"[""-2"",""-3"",""-4"",""-5"",""-6""]",0,0,0,0,,10,10,10,119138.0,23029.0,0.0,471378.0,"[""-2"",""-3"",""-4"",""-5"",""-6""]",0,0.2,1,1,"[""-2"",""-3"",""-4"",""-5"",""-6""]",0,0,0,0,final-FIXED-SWARM10-final-b04-judge,5,5,10,140434.0,19240.0,0.0,403721.0,"[""-2"",""-3"",""-4"",""-5"",""-6""]",0,0.2,1,1,"[""-2"",""-3"",""-4"",""-5"",""-6""]",0,0,0,0,final-G-1407BDDB752D-final-b04-judge,7,7,10,133704.0,21249.0,0.0,464676.0,"[""-2"",""-3"",""-4"",""-5"",""-6""]",0,0.2,1,1,"[""-2"",""-3"",""-4"",""-5"",""-6""]",0,0,0,0,final-G-498E470E7808-final-b04-judge,9,9,10,124892.0,22498.0,0.0,462849.0
F047,final-b04,INTERLEAVE,hard,"[""-3"",""80"",""5"",""111"",""-3""]","[""-3"",""80"",""5"",""111"",""-3""]",1,1.0,5,1,"[""-3"",""80"",""5"",""111"",""-3""]",1,0,0,0,,10,10,10,119138.0,23029.0,0.0,471378.0,"[""-3"",""76"",""5"",""103"",""-3""]",0,0.6,3,1,"[""-3"",""76"",""5"",""103"",""-3""]",0,0,0,0,final-FIXED-SWARM10-final-b04-judge,5,5,10,140434.0,19240.0,0.0,403721.0,"[""-3"",""80"",""5"",""111"",""-3""]",1,1.0,5,1,"[""-3"",""80"",""5"",""111"",""-3""]",1,0,0,0,final-G-1407BDDB752D-final-b04-judge,7,7,10,133704.0,21249.0,0.0,464676.0,"[""-3"",""80"",""5"",""111"",""-3""]",1,1.0,5,1,"[""-3"",""80"",""5"",""111"",""-3""]",1,0,0,0,final-G-498E470E7808-final-b04-judge,9,9,10,124892.0,22498.0,0.0,462849.0
F048,final-b04,INTERLEAVE,stress,"[""-295"",""38"",""28"",""-599"",""48""]","[""38"",""28"",""-295"",""46"",""61""]",0,0.0,0,1,"[""38"",""28"",""-295"",""46"",""61""]",0,0,0,0,,10,10,10,119138.0,23029.0,0.0,471378.0,"[""-40"",""-14"",""54"",""-8"",""-19""]",0,0.0,0,1,"[""-40"",""-14"",""54"",""-8"",""-19""]",0,0,0,0,final-FIXED-SWARM10-final-b04-judge,5,5,10,140434.0,19240.0,0.0,403721.0,"[""42"",""-32"",""54"",""-59"",""66""]",0,0.0,0,1,"[""-54"",""-17"",""42"",""-222"",""-36""]",0,1,0,0,final-G-1407BDDB752D-final-b04-judge,7,7,10,133704.0,21249.0,0.0,464676.0,"[""25"",""-295"",""38"",""69"",""-599""]",0,0.0,0,1,"[""25"",""-295"",""38"",""69"",""-599""]",0,0,0,0,final-G-498E470E7808-final-b04-judge,9,9,10,124892.0,22498.0,0.0,462849.0
